id_commune;code_postal;commune
1;01370;SAINT-ETIENNE-DU-BOIS
2;01170;CHEVRY
3;01220;DIVONNE-LES-BAINS
4;01630;PERON
5;01200;VALSERHONE
6;01350;CULOZ
7;01630;ST-GENIS-POUILLY
8;01100;OYONNAX
9;01130;ST-GERMAIN-DE-JOUX
10;01170;GEX
11;01500;AMBERIEU-EN-BUGEY
12;01170;CESSY
13;01150;SAULT-BRENAZ
14;01210;FERNEY-VOLTAIRE
15;01170;SEGNY
16;01150;LAGNIEU
17;01130;LE POIZAT-LALLEYRIAT
18;01300;BELLEY
19;01210;ORNEX
20;01590;DORTAN
21;01280;PREVESSIN-MOENS
22;01110;BRENOD
23;01640;SAINT-JEAN-LE-VIEUX
24;01130;NANTUA
25;01500;SAINT-DENIS-EN-BUGEY
26;01710;THOIRY
27;01100;BELLIGNAT
28;01110;PLATEAU D'HAUTEVILLE
29;01410;LELEX
30;01170;VESANCY
31;01580;IZERNORE
32;01170;ECHENEVEX
33;01210;VERSONNEX
34;01150;SAINT-VULBAS
35;01550;COLLONGES
36;01260;CHAMPAGNE-EN-VALROMEY
37;01640;JUJURIEUX
38;01580;MATAFELON-GRANGES
39;01260;HAUT-VALROMEY
40;01100;ARBENT
41;01360;LOYETTES
42;01410;MIJOUX
43;01630;SERGY
44;01550;FARGES
45;01170;CROZET
46;01330;VILLARS-LES-DOMBES
47;01800;MEXIMIEUX
48;01090;MONTCEAUX
49;01120;MONTLUEL
50;01480;JASSANS-RIOTTIER
51;01480;BEAUREGARD
52;01120;DAGNEUX
53;01390;MIONNAY
54;01800;VILLIEU-LOYES-MOLLON
55;02300;CHAUNY
56;02000;LAON
57;02800;LA FERE
58;02000;URCEL
59;02410;SAINT GOBAIN
60;02700;TERGNIER
61;02670;FOLEMBRAY
62;02100;SAINT QUENTIN
63;02200;SOISSONS
64;02200;COURMELLES
65;02290;VIC SUR AISNE
66;02600;VILLERS-COTTERETS
67;02600;LARGNY SUR AUTOMNE
68;02880;NANTEUIL LA FOSSE
69;02370;VAILLY-SUR-AISNE
70;02600;COEUVRES ET VALSERY
71;02200;BELLEU
72;02400;CHATEAU THIERRY
73;02130;FERE EN TARDENOIS
74;03000;MOULINS
75;03400;YZEURE
76;03300;CUSSET
77;03200;VICHY
78;04200;SISTERON
79;04500;RIEZ
80;04400;ENCHASTRAYES
81;04160;CHATEAU-ARNOUX-SAINT-AUBAN
82;04000;DIGNE-LES-BAINS
83;04140;MONTCLAR
84;04260;ALLOS
85;04120;CASTELLANE
86;04850;JAUSIERS
87;04340;LE LAUZET UBAYE
88;04140;SEYNE
89;04500;SAINTE CROIX DU VERDON
90;04400;FAUCON-DE-BARCELONNETTE
91;04400;BARCELONNETTE
92;04800;GREOUX-LES-BAINS
93;04800;SAINT-MARTIN-DE-BROMES
94;04200;PEIPIN
95;04130;VOLX
96;04300;FORCALQUIER
97;04140;SELONNET
98;04100;MANOSQUE
99;04400;UVERNET-FOURS
100;04200;NOYERS-SUR-JABRON
101;04300;PIERRERUE
102;04700;ORAISON
103;04160;L ESCALE
104;04180;VILLENEUVE
105;04210;VALENSOLE
106;04290;VOLONNE
107;04220;SAINTE-TULLE
108;04230;SAINT-ETIENNE-LES-ORGUES
109;04120;DEMANDOLX
110;04330;BARREME
111;05300;LARAGNE-MONTEGLIN
112;05260;SAINT-MICHEL-DE-CHAILLOL
113;05230;MONTGARDIN
114;05560;VARS
115;05200;EMBRUN
116;05200;SAINT-SAUVEUR
117;05100;BRIANCON
118;05170;ORCIERES
119;05340;VALLOUISE-PELVOUX
120;05120;L'ARGENTIERE-LA-BESSEE
121;05000;GAP
122;05250;LE DEVOLUY
123;05800;LA CHAPELLE-EN-VALGAUDEMAR
124;05460;ABRIES-RISTOLAS
125;05240;LA SALLE
126;05400;VEYNES
127;05260;ANCELLE
128;05200;LES ORRES
129;05700;SERRES
130;05600;RISOUL
131;05230;CHORGES
132;05290;PUY SAINT VINCENT
133;05500;SAINT-BONNET-EN-CHAMPSAUR
134;05100;NEVACHE
135;05220;LE MONETIER-LES-BAINS
136;05230;LA BATIE NEUVE
137;05600;GUILLESTRE
138;05160;SAVINES-LE-LAC
139;05100;MONTGENEVRE
140;05500;LAYE
141;05200;PUY-SANIERES
142;05330;SAINT-CHAFFREY
143;06000;NICE
144;06300;NICE
145;06100;NICE
146;06730;SAINT-ANDRE DE LA ROCHE
147;06340;LA TRINITE
148;06950;FALICON
149;06200;NICE
150;06500;MENTON
151;06190;ROQUEBRUNE CAP MARTIN
152;06240;BEAUSOLEIL
153;06430;LA BRIGUE
154;06540;SAORGE
155;06430;TENDE
156;06380;SOSPEL
157;06500;CASTELLAR
158;06500;CASTILLON
159;06500;GORBIO
160;06380;MOULINET
161;06540;BREIL-SUR-ROYA
162;06500;SAINTE-AGNES
163;06230;VILLEFRANCHE-SUR-MER
164;06420;ISOLA
165;06470;PEONE
166;06420;VALDEBLORE
167;06310;BEAULIEU SUR MER
168;06440;PEILLON
169;06340;DRAP
170;06440;L'ESCARENE
171;06320;CAP-D AIL
172;06710;VILLARS-SUR-VAR
173;06450;SAINT-MARTIN-VESUBIE
174;06390;BENDEJUN
175;06660;SAINT-ETIENNE-DE-TINEE
176;06670;SAINT-MARTIN-DU-VAR
177;06390;CONTES
178;06320;LA TURBIE
179;06470;GUILLAUMES
180;06440;PEILLE
181;06360;EZE
182;06830;GILETTE
183;06450;ROQUEBILLIERE
184;06670;COLOMARS
185;06230;SAINT-JEAN-CAP-FERRAT
186;06670;LEVENS
187;06470;BEUIL
188;06390;BERRE-LES-ALPES
189;06830;TOUDON
190;06440;BLAUSASC
191;06450;BELVEDERE
192;06440;LUCERAM
193;06450;LANTOSQUE
194;06790;ASPREMONT
195;06450;LA BOLLENE-VESUBIE
196;06420;RIMPLAS
197;06340;CANTARON
198;06420;CLANS
199;06670;LA ROQUETTE SUR VAR
200;06450;UTELLE
201;06260;PUGET-THENIERS
202;06110;LE CANNET
203;06370;MOUANS-SARTOUX
204;06220;VALLAURIS
205;06600;ANTIBES
206;06160;ANTIBES
207;06550;LA ROQUETTE SUR SIAGNE
208;06250;MOUGINS
209;06410;BIOT
210;06400;CANNES
211;06150;CANNES
212;06210;MANDELIEU-LA-NAPOULE
213;06130;GRASSE
214;06580;PEGOMAS
215;06590;THEOULE-SUR-MER
216;06510;CARROS
217;06140;VENCE
218;06530;SAINT-CEZAIRE-SUR-SIAGNE
219;06510;LE BROC
220;06460;SAINT-VALLIER-DE-THIEY
221;06610;LA GAUDE
222;06620;LE BAR-SUR-LOUP
223;06560;VALBONNE
224;06620;GREOLIERES
225;06530;PEYMEINADE
226;06750;ANDON
227;06800;CAGNES SUR MER
228;06270;VILLENEUVE-LOUBET
229;06700;SAINT LAURENT DU VAR
230;06480;LA COLLE SUR LOUP
231;06570;SAINT-PAUL-DE-VENCE
232;07700;SAINT-JUST-D'ARDECHE
233;07600;VALS-LES-BAINS
234;07700;BOURG-SAINT-ANDEOL
235;07140;GRAVIERES
236;07150;SALAVAS
237;07200;AUBENAS
238;07800;LA-VOULTE-SUR-RHONE
239;07000;PRIVAS
240;07800;CHARMES-SUR-RHONE
241;07150;VALLON PONT D'ARC
242;07200;LABEGUDE
243;07120;RUOMS
244;07200;LANAS
245;07200;SAINT-SERNIN
246;07800;SAINT-GEORGES-LES-BAINS
247;07220;VIVIERS
248;07220;SAINT-MONTAN
249;07000;ST JULIEN EN ST ALBAN
250;07700;SAINT-MARTIN-D' ARDECHE
251;07300;TOURNON-SUR-RHONE
252;07130;SAINT-PERAY
253;07500;GUILHERAND-GRANGES
254;07100;ANNONAY
255;07370;SARRAS
256;07340;FELINES
257;07300;SAINT-JEAN-DE-MUZOLS
258;07430;DAVEZIEUX
259;08000;CHARLEVILLE-MEZIERES
260;08600;GIVET
261;08090;SAINT-LAURENT
262;08300;RETHEL
263;08200;SEDAN
264;08110;CARIGNAN
265;08200;BALAN
266;08140;BAZEILLES
267;09140;USTOU
268;09700;SAVERDUN
269;09000;FOIX
270;09100;SAINT-JEAN-DU-FALGA
271;09250;LUZENAC
272;09110;AX-LES-THERMES
273;09500;MIREPOIX
274;09300;LAVELANET
275;09100;PAMIERS
276;09350;DAUMAZAN-SUR-ARIZE
277;10300;SAINTE SAVINE
278;10430;ROSIERES PRES TROYES
279;10100;ROMILLY SUR SEINE
280;10800;SAINT JULIEN LES VILLAS
281;10120;SAINT ANDRE LES VERGERS
282;10000;TROYES
283;10400;TRAINEL
284;10600;LA CHAPELLE ST LUC
285;10200;BAR SUR AUBE
286;10150;PONTSAINTE MARIE
287;10400;NOGENT SUR SEINE
288;10420;LES NOES PRES TROYES
289;10200;COLOMBE LA FOSSE
290;10500;DIENVILLE
291;11000;CARCASSONNE
292;11400;CASTELNAUDARY
293;11150;PEXIORA
294;11800;TREBES
295;11290;LAVALETTE
296;11300;LIMOUX
297;11190;RENNES LES BAINS
298;11510;FITOU
299;11130;SIGEAN
300;11210;PORT-LA-NOUVELLE
301;11430;GRUISSAN
302;11370;LEUCATE
303;11100;NARBONNE
304;11110;VINASSAN
305;11560;FLEURY D AUDE
306;11200;BOUTENAC
307;11440;PEYRIAC DE MER
308;11100;BAGES
309;11200;LEZIGNAN-CORBIERES
310;11110;SALLES D AUDE
311;11120;MOUSSAN
312;11110;COURSAN
313;12000;LE MONASTERE
314;13002;MARSEILLE 2EME
315;13004;MARSEILLE 4EME
316;13001;MARSEILLE 1ER
317;13016;MARSEILLE 16EME
318;13015;MARSEILLE 15EME
319;13003;MARSEILLE 3EME
320;13014;MARSEILLE 14EME
321;13013;MARSEILLE 14EME
322;13010;MARSEILLE 10EME
323;13007;MARSEILLE 7EME
324;13005;MARSEILLE 5EME
325;13006;MARSEILLE 6EME
326;13009;MARSEILLE 9EME
327;13400;AUBAGNE
328;13008;MARSEILLE 8EME
329;13470;CARNOUX-EN-PROVENCE
330;13260;CASSIS
331;13360;ROQUEVAIRE
332;13600;LA CIOTAT
333;13112;LA DESTROUSSE
334;13390;AURIOL
335;13821;LA PENNE SUR HUVEAUNE
336;13720;LA BOUILLADISSE
337;13119;SAINT SAVOURNIN
338;13830;ROQUEFORT LA BEDOULE
339;13124;PEYPIN
340;13850;GREASQUE
341;13420;GEMENOS
342;13780;CUGES LES PINS
343;13013;MARSEILLE 13EME
344;13012;MARSEILLE 12EME
345;13380;PLAN DE CUQUES
346;13011;MARSEILLE 11EME
347;13004;MARSEILLE 12EME
348;13190;ALLAUCH
349;13140;MIRAMAS
350;13300;SALON-DE-PROVENCE
351;13100;AIX EN PROVENCE
352;13790;ROUSSET
353;13820;ENSUES-LA-REDONNE
354;13220;CHATEAUNEUF-LES-MARTIGUES
355;13127;VITROLLES
356;13700;MARIGNANE
357;13180;GIGNAC-LA-NERTHE
358;13630;EYRAGUES
359;13210;SAINT-REMY-DE-PROVENCE
360;13200;ARLES
361;13690;GRAVESON
362;13430;EYGUIERES
363;13160;CHATEAURENARD
364;14000;CAEN
365;14810;MERVILLE FRANCEVILLE
366;14450;GRANDCAMP-MAISY
367;14100;LISIEUX
368;14600;HONFLEUR
369;14360;TROUVILLE-SUR-MER
370;14160;DIVES-SUR-MER
371;14640;VILLERS-SUR-MER
372;14800;DEAUVILLE
373;14510;HOULGATE
374;14130;PONT-L EVEQUE
375;14910;BLONVILLE-SUR-MER
376;14800;TOURGEVILLE
377;14800;TOUQUES
378;14910;BENERVILLE-SUR-MER
379;14430;DOZULE
380;14600;EQUEMAUVILLE
381;14800;SAINT-ARNOULT
382;14600;RIVIERE-SAINT-SAUVEUR (LA)
383;16000;ANGOULEME
384;16600;RUELLE-SUR-TOUVRE
385;16800;SOYAUX
386;16300;BARBEZIEUX SAINT HILAIRE
387;16340;L'ISLE D'ESPAGNAC
388;16160;GOND PONTOUVRE
389;16470;SAINT-MICHEL
390;17138;SAINT-XANDRE
391;17000;LA ROCHELLE
392;17140;LAGORD
393;17180;PERIGNY
394;17340;CHATELAILLON-PLAGE
395;17440;AYTRE
396;17220;CLAVETTE
397;17111;LOIX
398;17410;SAINT-MARTIN-DE-RE
399;17170;COURCON
400;17880;LES PORTES-EN-RE
401;17138;PUILBOREAU
402;17139;DOMPIERRE-SUR-MER
403;17230;MARANS
404;17590;ARS-EN-RE
405;17690;ANGOULINS
406;17300;ROCHEFORT
407;17430;TONNAY CHARENTE
408;17450;FOURAS
409;17100;SAINTES
410;17600;SAUJON
411;17110;SAINT-GEORGES-DE-DIDONNE
412;17132;MESCHERS-SUR-GIRONDE
413;17120;BARZAN
414;17400;ST JEAN D'ANGELY
415;18100;VIERZON
416;18000;BOURGES
417;18400;SAINT-FLORENT-SUR-CHER
418;18500;MEHUN-SUR-YEVRE
419;18570;MORTHOMIERS
420;18500;ALLOUIS
421;18200;SAINT-AMAND-MONTROND
422;18700;AUBIGNY-SUR-NERE
423;19260;TREIGNAC
424;19000;TULLE
425;19200;USSEL
426;19100;BRIVE LA GAILLARDE
427;19270;USSAC
428;19230;SAINT-SORNIN-LAVOLPS
429;19360;MALEMORT
430;19270;SAINTE FEREOLE
431;21000;DIJON
432;22000;SAINT-BRIEUC
433;22430;ERQUY
434;22400;LAMBALLE-ARMOR
435;22170;CHATELAUDREN-PLOUAGAT
436;22360;LANGUEUX
437;22440;PLOUFRAGAN
438;22580;PLOUHA
439;22500;PAIMPOL
440;22370;PLENEUF-VAL-ANDRE
441;22410;SAINT-QUAY-PORTRIEUX
442;22190;PLERIN
443;22680;BINIC-ETABLES-SUR-MER
444;22120;HILLION
445;22950;TREGUEUX
446;22400;NOYAL
447;22650;BEAUSSAIS-SUR-MER
448;22100;DINAN
449;22380;SAINT-CAST-LE-GUILDO
450;22240;FREHEL
451;22100;TADEN
452;22770;LANCIEUX
453;22130;PLANCOET
454;22350;CAULNES
455;22100;LANVALLAY
456;22550;MATIGNON
457;22250;BROONS
458;22200;GUINGAMP
459;22970;PLOUMAGOAR
460;22700;PERROS-GUIREC
461;22300;LANNION
462;22220;TREGUIER
463;22660;TREVOU-TREGUIGNEC
464;22560;TREBEURDEN
465;22310;PLESTIN-LES-GREVES
466;22600;LOUDEAC
467;23300;LA SOUTERRAINE
468;23000;GUERET
469;24000;PERIGUEUX
470;24750;TRELISSAC
471;24750;BOULAZAC ISLE MANOIRE
472;24660;COULOUNIEIX-CHAMIERS
473;24100;BERGERAC
474;33220;PORT-SAINTE-FOY-ET-PONCHAPT
475;24510;VAL DE LOUYRE ET CAUDEAU
476;24230;LAMOTHE-MONTRAVEL
477;24120;TERRASSON LAVILLEDIEU
478;24200;SARLAT-LA-CANEDA
479;24580;ROUFFIGNAC-ST-CERNIN-DE-REILHA
480;24250;CASTELNAUD-LA-CHAPELLE
481;25000;BESANCON
482;25870;GENEUILLE
483;25410;SAINT VIT
484;25320;BOUSSIERES
485;25620;MAMIROLLE
486;25220;ROCHE LEZ BEAUPRE
487;25480;MISEREY SALINES
488;25870;BONNAY
489;25960;DELUZ
490;25870;LES AUXONS
491;25110;BAUME LES DAMES
492;25300;PONTARLIER
493;25300;GRANGES NARBOZ
494;25370;JOUGNE
495;25130;VILLERS LE LAC
496;25500;MORTEAU
497;25370;LES HOPITAUX NEUFS
498;25370;ROCHEJEAN
499;25290;ORNANS
500;25300;DOUBS
501;25800;VALDAHON
502;25300;LA CLUSE ET MIJOUX
503;25370;METABIEF
504;25580;ETALANS
505;25500;MONTLEBON
506;25240;MOUTHE
507;25300;LES FOURGS
508;25140;CHARQUEMONT
509;25400;AUDINCOURT
510;25230;SELONCOURT
511;25310;HERIMONCOURT
512;25200;MONTBELIARD
513;26100;ROMANS-SUR-ISERE
514;26000;VALENCE
515;26210;MORAS-EN-VALLOIRE
516;26200;MONTELIMAR
517;26300;BOURG-DE-PEAGE
518;26740;MONTBOUCHER-SUR-JABRON
519;26500;BOURG LES VALENCE
520;26120;CHABEUIL
521;26400;CREST
522;26290;DONZERE
523;26140;SAINT-RAMBERT-D ALBON
524;26220;DIEULEFIT
525;26790;TULETTE
526;26800;BEAUVALLON
527;26110;MIRABEL-AUX-BARONNIES
528;26270;LORIOL SUR DROME
529;26700;PIERRELATTE
530;26130;SAINT-PAUL-TROIS-CHATEAUX
531;26120;MONTELIER
532;26250;LIVRON SUR DROME
533;26800;PORTES LES VALENCE
534;26110;NYONS
535;26740;SAUZET
536;26260;SAINT-DONAT-SUR-L HERBASSE
537;26200;ANCONE
538;26770;SAINT-PANTALEON-LES-VIGNES
539;26420;SAINT-AGNAN-EN-VERCORS
540;26600;LA ROCHE DE GLUN
541;26540;MOURS-SAINT-EUSEBE
542;26240;SAINT VALLIER
543;26600;PONT DE L ISERE
544;26600;MERCUROL-VEAUNES
545;26600;TAIN L HERMITAGE
546;26760;BEAUMONT LES VALENCE
547;26130;MONTSEGUR-SUR-LAUZON
548;26240;PONSAS
549;27930;GRAVIGNY
550;27250;RUGLES
551;27530;EZY SUR EURE
552;27000;EVREUX
553;27120;PACY-SUR-EURE
554;27730;BUEIL
555;27200;VERNON
556;27950;ST MARCEL
557;27190;CONCHES EN OUCHE
558;27130;VERNEUIL D'AVRE ET D'ITON
559;27140;GISORS
560;27700;LES ANDELYS
561;27270;LA TRINITE DE REVILLE
562;27170;BEAUMONT LE ROGER
563;27300;BERNAY
564;27600;GAILLON
565;28000;CHARTRES
566;28320;GALLARDON
567;28630;LE COUDRAY
568;28230;EPERNON
569;28300;MAINVILLIERS
570;28310;TOURY
571;28130;HANCHES
572;28300;LEVES
573;28300;GASVILLE OISEME
574;28130;MAINTENON
575;28110;LUCE
576;28130;CHARTAINVILLIERS
577;28300;ST PREST
578;28320;GAS
579;28700;AUNEAU-BLEURY-SAINT-SYMPHORIEN
580;28600;LUISANT
581;28300;JOUY
582;28190;COURVILLE SUR EURE
583;28200;CHATEAUDUN
584;28200;ST DENIS-LANNERAY
585;28100;DREUX
586;28500;VERNOUILLET
587;28210;LORMAYE
588;28210;NOGENT-LE-ROI
589;28260;ANET
590;28210;CHAUDON
591;28350;ST LUBIN DES JONCHERETS
592;28170;CHATEAUNEUF EN THYMERAIS
593;28380;ST REMY SUR AVRE
594;28210;COULOMBS
595;28400;NOGENT LE ROTROU
596;29000;QUIMPER
597;29100;DOUARNENEZ
598;29300;QUIMPERLE
599;29900;CONCARNEAU
600;29930;PONT-AVEN
601;29360;CLOHARS CARNOET
602;29200;BREST
603;29290;SAINT RENAN
604;29460;DIRINON
605;29800;LANDERNEAU
606;29470;PLOUGASTEL-DAOULAS
607;29570;CAMARET-SUR-MER
608;29160;CROZON
609;29550;SAINT-NIC
610;29600;MORLAIX
611;29400;LANDIVISIAU
612;29660;CARANTEC
613;29600;SAINT-MARTIN-DES-CHAMPS
614;29630;PLOUGASNOU
615;29680;ROSCOFF
616;20137;PORTO-VECCHIO
617;20000;AJACCIO
618;20110;PROPRIANO
619;20090;AJACCIO
620;20100;SARTENE
621;20144;ZONZA
622;20169;BONIFACIO
623;20128;GROSSETO-PRUGNA
624;20137;LECCI
625;20110;ARBELLARA
626;20166;PIETROSELLA
627;20166;GROSSETO-PRUGNA
628;20160;VICO
629;20111;CASAGLIONE
630;20167;SARROLA-CARCOPINO
631;20140;ARGIUSTA-MORICCIO
632;20166;ALBITRECCIA
633;20140;SERRA-DI-FERRO
634;20117;CAURO
635;20134;PALNECA
636;20167;APPIETTO
637;20111;CALCATOGGIO
638;20131;PIANOTTOLI-CALDARELLO
639;20150;OTA
640;20110;BELVEDERE-CAMPOMORO
641;20146;SOTTA
642;20145;SARI-SOLENZARA
643;20000;LECCI
644;20113;OLMETO
645;20138;COTI-CHIAVARI
646;20140;CASALABRIVA
647;20163;TAVERA
648;20118;VICO
649;20122;QUENZA
650;20129;BASTELICACCIA
651;20115;PIANA
652;20118;COGGIA
653;20157;FRASSETO
654;20167;CUTTOLI-CORTICCHIATO
655;20190;SANTA-MARIA-SICHE
656;20160;COGGIA
657;20128;ALBITRECCIA
658;20110;VIGGIANELLO
659;00000;AJACCIO
660;20220;AREGNO
661;20220;L'ILE ROUSSE
662;20221;CERVIONE
663;20232;OLETTA
664;30240;LE GRAU DU ROI
665;30220;AIGUES-MORTES
666;30900;NIMES
667;30000;NIMES
668;30420;CALVISSON
669;30170;DURFORT-ET-SAINT-MARTIN-DE-
670;30600;VAUVERT
671;30132;CAISSARGUES
672;30540;MILHAUD
673;30870;CLARENSAC
674;30230;BOUILLARGUES
675;30128;GARONS
676;30250;SOMMIERES
677;30940;SAINT ANDRE DE VALBORGNE
678;30660;GALLARGUES-LE-MONTUEUX
679;30620;BERNIS
680;30670;AIGUES-VIVES
681;30980;SAINT-DIONISY
682;30190;GARRIGUES SAINTE EULALIE
683;30610;SAUVE
684;30190;LA CALMETTE
685;30460;LASALLE
686;30220;SAINT-LAURENT-D AIGOUZE
687;30620;AUBORD
688;30470;AIMARGUES
689;30230;RODILHAN
690;30260;SARDAN
691;30920;CODOGNAN
692;30770;ARRIGAS
693;30260;QUISSAC
694;30190;SAINT-GENIES-DE-MALGOIRES
695;30820;CAVEIRAC
696;30120;LE VIGAN
697;30440;SUMENE
698;30170;ST HIPPOLYTE DU FORT
699;30700;UZES
700;30510;GENERAC
701;30290;LAUDUN-L ARDOISE
702;30127;BELLEGARDE
703;30300;BEAUCAIRE
704;30400;VILLENEUVE LES AVIGNON
705;30200;SAINT-NAZAIRE
706;30320;MARGUERITTES
707;30840;MEYNES
708;30650;ROCHEFORT-DU-GARD
709;30133;LES ANGLES
710;30210;REMOULINS
711;30320;POULX
712;30130;PONT ST ESPRIT
713;30800;ST GILLES
714;30210;CASTILLON-DU-GARD
715;30210;SAINT-HILAIRE-D OZILHAN
716;30130;SAINT-PAULET-DE-CAISSON
717;30210;SERNHAC
718;30200;BAGNOLS SUR CEZE
719;30650;SAZE
720;30700;MONTAREN-ET-SAINT-MEDIERS
721;30490;MONTFRIN
722;30150;ROQUEMAURE
723;30100;ALES
724;30530;PORTES
725;30410;MOLIERES-SUR-CEZE
726;30160;BESSEGES
727;30960;SAINT-FLORENT-SUR-AUZONNET
728;30110;LA GRAND COMBE
729;30140;ANDUZE
730;31400;TOULOUSE
731;31200;TOULOUSE
732;31000;TOULOUSE
733;31500;TOULOUSE
734;31780;CASTELGINEST
735;31140;FONBEAUZARD
736;31130;BALMA
737;31280;DREMIL LAFAGE
738;31240;L UNION
739;31140;AUCAMVILLE
740;31150;FENOUILLET
741;31180;ROUFFIAC TOLOSAN
742;31150;GAGNAC SUR GARONNE
743;31520;RAMONVILLE ST AGNE
744;31240;ST JEAN
745;31140;LAUNAGUET
746;31130;FLOURENS
747;31300;TOULOUSE
748;31170;TOURNEFEUILLE
749;31770;COLOMIERS
750;31100;TOULOUSE
751;31700;BLAGNAC
752;31340;VILLEMUR SUR TARN
753;31840;AUSSONNE
754;31270;CUGNAUX
755;31330;GRENADE SUR GARONNE
756;31880;LA SALVETAT ST GILLES
757;31700;MONDONVILLE
758;31620;FRONTON
759;31700;BEAUZELLE
760;31660;BESSIERES
761;31320;CASTANET TOLOSAN
762;31290;VILLEFRANCHE-DE-LAURAGAIS
763;31560;NAILLOUX
764;31670;LABEGE
765;31250;REVEL
766;31650;ST ORENS DE GAMEVILLE
767;31570;LANTA
768;31120;LACROIX FALGARDE
769;31320;AUZEVILLE-TOLOSANE
770;31750;ESCALQUENS
771;31380;MONTASTRUC LA CONSEILLERE
772;31450;POMPERTUZAT
773;31450;BAZIEGE
774;31270;FROUZINS
775;32000;AUCH
776;32100;CONDOM
777;32150;CAZAUBON
778;32200;GIMONT
779;32600;L ISLE JOURDAIN
780;33200;BORDEAUX
781;33160;SAINT AUBIN DE MEDOC
782;33290;PAREMPUYRE
783;33160;SAINT MEDARD EN JALLES
784;33000;BORDEAUX
785;33300;BORDEAUX
786;33520;BRUGES
787;33680;LACANAU
788;33110;LE BOUSCAT
789;33185;LE HAILLAN
790;33320;EYSINES
791;33290;LUDON MEDOC
792;33480;MOULIS-EN-MEDOC
793;33320;LE TAILLAN MEDOC
794;33480;CASTELNAU-DE-MEDOC
795;33290;BLANQUEFORT
796;33460;MARGAUX CANTENAC
797;33800;BORDEAUX
798;33130;BEGLES
799;33700;MERIGNAC
800;33170;GRADIGNAN
801;33400;TALENCE
802;33600;PESSAC
803;33140;VILLENAVE D ORNON
804;33127;SAINT JEAN D ILLAC
805;33127;MARTIGNAS SUR JALLE
806;33610;CANEJAN
807;33610;CESTAS
808;33410;CADILLAC
809;33380;BIGANOS
810;33120;ARCACHON
811;33560;CARBON BLANC
812;33140;CADAUJAC
813;33260;LA TESTE-DE-BUCH
814;33470;GUJAN MESTRAS
815;33150;CENON
816;33270;FLOIRAC
817;33210;TOULENNE
818;33510;ANDERNOS-LES-BAINS
819;33100;BORDEAUX
820;33310;LORMONT
821;33370;ARTIGUES-PRES-BORDEAUX
822;33550;PAILLET
823;33970;LEGE-CAP-FERRET
824;33470;LE TEICH
825;33450;ST SULPICE ET CAMEYRAC
826;33670;CREON
827;33770;SALLES
828;33370;TRESSES
829;33240;SAINT GERVAIS
830;33740;ARES
831;33370;FARGUES SAINT HILAIRE
832;33210;LANGON
833;33850;LEOGNAN
834;33950;LEGE-CAP-FERRET
835;33210;PREIGNAC
836;33440;ST LOUIS DE MONTFERRAND
837;33360;LATRESNE
838;33980;AUDENGE
839;33550;HAUX
840;33440;AMBARES-ET-LAGRAVE
841;33880;ST CAPRAIS DE BORDEAUX
842;33138;LANTON
843;33720;BARSAC
844;33114;LE BARP
845;33530;BASSENS
846;33550;LANGOIRAN
847;33370;YVRAC
848;33450;MONTUSSAN
849;33430;BAZAS
850;33240;SAINT-ANDRE-DE-CUBZAC
851;33360;CARIGNAN-DE-BORDEAUX
852;33380;MIOS
853;33550;LE TOURNE
854;33380;MARCHEPRIME
855;33115;LA TESTE-DE-BUCH
856;33640;CASTRES GIRONDE
857;33550;LESTIAC-SUR-GARONNE
858;33650;LA BREDE
859;33450;SAINT LOUBES
860;33560;SAINTE EULALIE
861;33690;GRIGNOLS
862;33420;GENISSAC
863;33500;LIBOURNE
864;33350;CASTILLON-LA-BATAILLE
865;33390;BLAYE
866;33220;PINEUILH
867;33920;SAINT-YZAN-DE-SOUDIAC
868;33750;SAINT-QUENTIN-DE-BARON
869;33920;SAINT-SAVIN
870;33230;COUTRAS
871;33660;ST-SEURIN-SUR-L ISLE
872;33220;SAINTE-FOY-LA-GRANDE
873;33820;SAINT-CIERS-SUR-GIRONDE
874;33870;VAYRES
875;33190;LA REOLE
876;33490;SAINT-MACAIRE
877;33540;SAUVETERRE-DE-GUYENNE
878;33121;CARCANS
879;33780;SOULAC-SUR-MER
880;33990;HOURTIN
881;33112;SAINT LAURENT MEDOC
882;33123;LE VERDON SUR MER
883;33340;LESPARRE-MEDOC
884;33180;VERTHEUIL
885;33590;SAINT-VIVIEN-DE-MEDOC
886;34080;MONTPELLIER
887;34000;MONTPELLIER
888;34070;MONTPELLIER
889;34090;MONTPELLIER
890;34250;PALAVAS-LES-FLOTS
891;34130;MAUGUIO
892;34990;JUVIGNAC
893;34470;PEROLS
894;34920;LE CRES
895;34280;LA GRANDE MOTTE
896;34170;CASTELNAU LE LEZ
897;34970;LATTES
898;34130;SAINT-AUNES
899;34430;SAINT-JEAN-DE-VEDAS
900;34790;GRABELS
901;34110;FRONTIGNAN
902;34200;SETE
903;34110;VIC-LA-GARDIOLE
904;34140;BOUZIGUES
905;34540;BALARUC LES BAINS
906;34740;VENDARGUES
907;34190;GANGES
908;34400;LUNEL
909;34800;CLERMONT L HERAULT
910;34980;SAINT-GELY-DU-FESC
911;34140;MEZE
912;34160;SUSSARGUES
913;34590;MARSILLARGUES
914;34770;GIGEAN
915;34830;JACOU
916;34380;MAS-DE-LONDRES
917;34980;SAINT CLEMENT DE RIVIERE
918;34160;CASTRIES
919;34670;BAILLARGUES
920;34560;POUSSAN
921;34190;LAROQUE
922;34560;MONTBAZIN
923;34730;PRADES-LE-LEZ
924;34160;BEAULIEU
925;34540;BALARUC LE VIEUX
926;34400;SAINT-SERIES
927;34750;VILLENEUVE-LES-MAGUELONE
928;34670;SAINT-BRES
929;34230;PLAISSAN
930;34700;LODEVE
931;34725;SAINT-FELIX-DE-LODEZ
932;34140;LOUPIAN
933;34190;CAZILHAC
934;34570;SAINT PAUL ET VALMALLE
935;34725;SAINT-ANDRE-DE-SANGONIS
936;34230;POUZOLS
937;34820;ASSAS
938;34400;ENTRE-VIGNES
939;34800;NEBIAN
940;34160;SAINT-DREZERY
941;34150;GIGNAC
942;34150;MONTPEYROUX
943;34570;MONTARNAUD
944;34350;VALRAS-PLAGE
945;34210;CESSERAS
946;34500;BEZIERS
947;34410;SERIGNAN
948;34300;AGDE
949;34120;PEZENAS
950;34340;MARSEILLAN
951;34600;BEDARIEUX
952;34350;VENDRES
953;34450;VIAS
954;34620;PUISSERGUIER
955;34720;CAUX
956;34310;MONTADY
957;34240;LAMALOU-LES-BAINS
958;34760;BOUJAN-SUR-LIBRON
959;34420;PORTIRAGNES
960;34810;POMEROLS
961;35740;PACE
962;35230;BOURGBARRE
963;35200;RENNES
964;35830;BETTON
965;35510;CESSON-SEVIGNE
966;35000;RENNES
967;35230;NOYAL-CHATILLON-SUR-SEICHE
968;35700;RENNES
969;35135;CHANTEPIE
970;35132;VEZIN-LE-COQUET
971;35170;BRUZ
972;35131;CHARTRES-DE-BRETAGNE
973;35136;ST JACQUES DE LA LANDE
974;35760;SAINT-GREGOIRE
975;35770;VERN-SUR-SEICHE
976;35520;LA CHAPELLE DES FOUGERETZ
977;35131;PONT-PEAN
978;35690;ACIGNE
979;35850;PARTHENAY-DE-BRETAGNE
980;35230;ORGERES
981;35520;MELESSE
982;35310;CHAVAGNE
983;35850;IRODOUER
984;35250;SAINT-AUBIN-D AUBIGNE
985;35310;BREAL-SOUS-MONTFORT
986;35310;MORDELLES
987;35360;MONTAUBAN-DE-BRETAGNE
988;35340;LIFFRE
989;35410;CHATEAUGIRON
990;35650;LE RHEU
991;35160;BRETEIL
992;35410;NOUVOITOU
993;35137;BEDEE
994;35150;JANZE
995;35235;THORIGNE-FOUILLARD
996;35290;SAINT-MEEN-LE-GRAND
997;35160;MONTFORT-SUR-MEU
998;35590;L'HERMITAGE
999;35630;HEDE-BAZOUGES
1000;35520;LA MEZIERE
1001;35230;SAINT-ARMEL
1002;35490;SENS-DE-BRETAGNE
1003;35440;MONTREUIL-SUR-ILLE
1004;35580;GOVEN
1005;35600;REDON
1006;35470;BAIN-DE-BRETAGNE
1007;35330;LA CHAPELLE BOUEXIC
1008;35580;GUICHEN
1009;35320;POLIGNE
1010;35890;BOURG-DES-COMPTES
1011;35400;SAINT-MALO
1012;35800;DINARD
1013;35720;PLEUGUENEUC
1014;35800;SAINT-LUNAIRE
1015;35260;CANCALE
1016;35730;PLEURTUIT
1017;35120;DOL DE BRETAGNE
1018;35800;SAINT-BRIAC-SUR-MER
1019;35540;MINIAC-MORVAN
1020;35350;LA GOUESNIERE
1021;35780;LA RICHARDAIS
1022;35190;SAINT-DOMINEUC
1023;35540;LE TRONCHET
1024;35610;ROZ-SUR-COUESNON
1025;35350;SAINT-MELOIR-DES-ONDES
1026;35430;SAINT-JOUAN-DES-GUERETS
1027;35113;DOMAGNE
1028;35130;LA GUERCHE-DE-BRETAGNE
1029;35500;VITRE
1030;35220;CHATEAUBOURG
1031;35240;RETIERS
1032;35450;VAL-D'IZE
1033;36000;CHATEAUROUX
1034;36400;LA CHATRE
1035;37300;JOUE LES TOURS
1036;37000;TOURS
1037;37520;LA RICHE
1038;37100;TOURS
1039;37270;MONTLOUIS-SUR-LOIRE
1040;37700;SAINT-PIERRE-DES-CORPS
1041;37200;TOURS
1042;37550;SAINT AVERTIN
1043;37230;FONDETTES
1044;37540;SAINT CYR SUR LOIRE
1045;37390;NOTRE-DAME-D OE
1046;37210;ROCHECORBON
1047;37390;LA MEMBROLLE-SUR-CHOISILLE
1048;37510;BALLAN MIRE
1049;37170;CHAMBRAY LES TOURS
1050;37400;AMBOISE
1051;37120;RICHELIEU
1052;37140;BOURGUEIL
1053;37600;LOCHES
1054;37160;DESCARTES
1055;38000;GRENOBLE
1056;38100;GRENOBLE
1057;38400;SAINT-MARTIN-D'HERES
1058;38610;GIERES
1059;38700;LA TRONCHE
1060;38240;MEYLAN
1061;38330;MONTBONNOT-SAINT-MARTIN
1062;38130;ECHIROLLES
1063;38330;SAINT-NAZAIRE-LES-EYMES
1064;38330;BIVIERS
1065;38330;SAINT-ISMIER
1066;38320;EYBENS
1067;38320;POISAT
1068;38700;CORENC
1069;38660;LA TERRASSE
1070;38500;VOIRON
1071;38420;DOMENE
1072;38190;FROGES
1073;38530;PONTCHARRA
1074;38220;VIZILLE
1075;38120;SAINT-EGREVE
1076;38120;FONTANIL-CORNILLON
1077;38830;CRETS EN BELLEDONNE
1078;38950;SAINT-MARTIN-LE-VINOUX
1079;38570;TENCIN
1080;38580;ALLEVARD
1081;38190;VILLARD-BONNOT
1082;38580;LE HAUT-BREDA
1083;38410;SAINT-MARTIN-D'URIAGE
1084;38340;VOREPPE
1085;38410;CHAMROUSSE
1086;38500;LA BUISSE
1087;38220;NOTRE-DAME-DE-MESAGE
1088;38380;SAINT-PIERRE-DE-CHARTREUSE
1089;38320;BRIE-ET-ANGONNES
1090;38570;GONCELIN
1091;38410;VAULNAVEYS-LE-BAS
1092;38190;LES ADRETS
1093;38420;LE VERSOUD
1094;38570;LE CHEYLAS
1095;38960;SAINT-ETIENNE-DE-CROSSEY
1096;38920;CROLLES
1097;38650;GRESSE-EN-VERCORS
1098;38750;HUEZ
1099;38860;LES DEUX ALPES
1100;38360;SASSENAGE
1101;38112;AUTRANS-MEAUDRE EN VERCORS
1102;38170;SEYSSINET-PARISET
1103;38250;VILLARD-DE-LANS
1104;38600;FONTAINE
1105;38114;VAUJANY
1106;38250;CORRENCON-EN-VERCORS
1107;38880;AUTRANS-MEAUDRE EN VERCORS
1108;38800;LE PONT-DE-CLAIX
1109;38640;CLAIX
1110;38970;CORPS
1111;38520;LE BOURG-D'OISANS
1112;38142;BESSE
1113;38142;AURIS
1114;38250;LANS-EN-VERCORS
1115;38450;LE GUA
1116;38110;SAINT-CLAIR-DE-LA-TOUR
1117;38300;BOURGOIN-JALLIEU
1118;38090;VILLEFONTAINE
1119;38540;SAINT-JUST-CHALEYSSIN
1120;38080;L'ISLE-D'ABEAU
1121;38290;LA VERPILLIERE
1122;38280;ANTHON
1123;38230;PONT-DE-CHERUY
1124;38140;RIVES
1125;38590;SAINT-ETIENNE-DE-SAINT-GEOIRS
1126;38160;SAINT-MARCELLIN
1127;38430;SAINT-JEAN-DE-MOIRANS
1128;38210;TULLINS
1129;38470;VINAY
1130;38430;MOIRANS
1131;38140;BEAUCROISSANT
1132;38590;SAINT-GEOIRS
1133;38940;ROYBON
1134;38140;IZEAUX
1135;39220;LES ROUSSES
1136;39200;SAINT-CLAUDE
1137;39100;DOLE
1138;39300;CHAMPAGNOLE
1139;39600;ARBOIS
1140;39500;TAVAUX
1141;39400;HAUTS DE BIENNE
1142;39100;SAMPANS
1143;39000;LONS LE SAUNIER
1144;39310;SEPTMONCEL LES MOLUNES
1145;39220;BOIS-D AMONT
1146;39220;PREMANON
1147;39800;POLIGNY
1148;39570;PERRIGNY
1149;39570;MONTMOROT
1150;39290;OFFLANGES
1151;39170;LAVANS-LES-SAINT-CLAUDE
1152;39110;SALINS LES BAINS
1153;39260;MOIRANS-EN-MONTAGNE
1154;39130;CLAIRVAUX-LES-LACS
1155;39400;BELLEFONTAINE
1156;39170;RAVILLOLES
1157;40170;ST-JULIEN-EN-BORN
1158;40100;DAX
1159;40230;ST-VINCENT-DE-TYROSSE
1160;40230;TOSSE
1161;40280;SAINT-PIERRE-DU-MONT
1162;40660;MOLIETS-ET-MAA
1163;40300;PEYREHORADE
1164;40510;SEIGNOSSE
1165;40000;MONT-DE-MARSAN
1166;40220;TARNOS
1167;40150;SOORTS-HOSSEGOR
1168;40230;ST-GEOURS-MAREMNE
1169;40460;SANGUINET
1170;40560;VIELLE-ST-GIRONS
1171;40480;VIEUX BOUCAU-LES-BAINS
1172;40170;LIT ET MIXE
1173;40600;BISCARROSSE
1174;40990;ST-PAUL-LES-DAX
1175;40130;CAPBRETON
1176;40530;LABENNE
1177;40140;SOUSTONS
1178;40440;ONDRES
1179;40500;MONTGAILLARD
1180;40800;AIRE-SUR-L'ADOUR
1181;40390;ST-MARTIN-DE-SEIGNANX
1182;40150;ANGRESSE
1183;40200;MIMIZAN
1184;40700;HAGETMAU
1185;40300;ORIST
1186;40550;LEON
1187;40390;ST-MARTIN-DE-HINX
1188;40170;BIAS
1189;40380;POYANNE
1190;40990;ST-VINCENT-DE-PAUL
1191;40370;RION-DES-LANDES
1192;40400;TARTAS
1193;40200;AUREILHAN
1194;40500;SAINT-SEVER
1195;40160;PARENTIS EN BORN
1196;40230;BENESSE-MAREMNE
1197;41100;VENDOME
1198;41000;BLOIS
1199;41400;MONTRICHARD VAL DE CHER
1200;41330;MAROLLES
1201;41200;ROMORANTIN-LANTHENAY
1202;41350;VINEUIL
1203;41260;LA CHAUSSEE SAINT VICTOR
1204;41000;VILLEBAROU
1205;42000;SAINT-ETIENNE
1206;42100;SAINT-ETIENNE
1207;42650;SAINT-JEAN-BONNEFONDS
1208;42350;LA TALAUDIERE
1209;42530;SAINT GENEST LERPT
1210;42800;GENILAC
1211;42700;FIRMINY
1212;42740;SAINT-PAUL-EN-JAREZ
1213;42400;SAINT-CHAMOND
1214;42150;LA RICAMARIE
1215;42230;ROCHE-LA-MOLIERE
1216;42320;LA GRAND-CROIX
1217;42800;SAINT-JOSEPH
1218;42270;SAINT-PRIEST-EN-JAREZ
1219;42410;PELUSSIN
1220;42480;LA FOUILLOUSE
1221;42580;L ETRAT
1222;42390;VILLARS
1223;42420;LORETTE
1224;42500;LE CHAMBON-FEUGEROLLES
1225;42490;FRAISSES
1226;42290;SORBIERS
1227;42410;CHAVANAY
1228;42800;RIVE-DE-GIER
1229;42320;FARNAY
1230;42240;SAINT-PAUL-EN-CORNILLON
1231;42240;UNIEUX
1232;42152;L HORME
1233;42600;SAVIGNEUX
1234;42680;SAINT-MARCELLIN-EN-FOREZ
1235;42160;ANDREZIEUX-BOUTHEON
1236;42140;CHAZELLES SUR LYON
1237;42130;BOEN-SUR-LIGNON
1238;42600;MONTBRISON
1239;42340;VEAUCHE
1240;42210;MONTROND-LES-BAINS
1241;42170;SAINT-JUST-SAINT-RAMBERT
1242;42330;SAINT-GALMIER
1243;42110;FEURS
1244;42610;SAINT-ROMAIN-LE-PUY
1245;42380;SAINT-BONNET-LE-CHATEAU
1246;42560;SOLEYMIEUX
1247;42920;CHALMAZEL-JEANSAGNIERE
1248;42600;PRECIEUX
1249;42300;ROANNE
1250;42190;CHARLIEU
1251;42300;VILLEREST
1252;42430;SAINT-JUST-EN-CHEVALET
1253;42153;RIORGES
1254;42590;NEULISE
1255;42120;LE COTEAU
1256;42300;MABLY
1257;42510;BALBIGNY
1258;42120;PERREUX
1259;42720;BRIENNON
1260;42370;SAINT-HAON-LE-CHATEL
1261;43000;LE PUY EN VELAY
1262;43600;SAINTE-SIGOLENE
1263;43140;SEAUVE-SUR-SEMENE (LA)
1264;43620;SAINT-PAL-DE-MONS
1265;43400;LE CHAMBON SUR LIGNON
1266;43300;LANGEAC
1267;43000;ESPALY-SAINT-MARCEL
1268;43140;SAINT-DIDIER-EN-VELAY
1269;43700;BRIVES-CHARENSAC
1270;43110;AUREC-SUR-LOIRE
1271;43200;ARAULES
1272;43100;VIEILLE-BRIOUDE
1273;43330;PONT-SALOMON
1274;43100;BRIOUDE
1275;43200;YSSINGEAUX
1276;43590;BEAUZAC
1277;43240;SAINT JUST MALMONT
1278;44000;NANTES
1279;44230;ST SEBASTIEN SUR LOIRE
1280;44300;NANTES
1281;44100;NANTES
1282;44200;NANTES
1283;44800;ST-HERBLAIN
1284;44610;INDRE
1285;44470;THOUARE-SUR-LOIRE
1286;44240;CHAPELLE-SUR-ERDRE (LA)
1287;44400;REZE
1288;44340;BOUGUENAIS
1289;44240;SUCE-SUR-ERDRE
1290;44310;ST-PHILBERT-DE-GRAND-LIEU
1291;44115;BASSE-GOULAINE
1292;44119;TREILLIERES
1293;44850;LIGNE
1294;44840;SORINIERES (LES)
1295;44140;AIGREFEUILLE SUR MAINE
1296;44470;CARQUEFOU
1297;44270;MACHECOUL-SAINT-MEME
1298;44980;SAINTE-LUCE-SUR-LOIRE
1299;44850;MOUZEIL
1300;44690;HAIE-FOUASSIERE (LA)
1301;44700;ORVAULT
1302;44120;VERTOU
1303;44150;ANCENIS-SAINT-GEREON
1304;44690;MAISDON-SUR-SEVRE
1305;44190;CLISSON
1306;44450;SAINT-JULIEN-DE-CONCELLES
1307;44830;BOUAYE
1308;44860;PONT-SAINT-MARTIN
1309;44119;GRANDCHAMP-DES-FONTAINES
1310;44430;LOROUX-BOTTEREAU (LE)
1311;44440;RIAILLE
1312;44370;LOIREAUXENCE
1313;44880;SAUTRON
1314;44330;CHAPELLE-HEULIN (LA)
1315;44760;LA BERNERIE EN RETZ
1316;44250;SAINT BREVIN LES PINS
1317;44210;PORNIC
1318;44730;SAINT-MICHEL-CHEF-CHEF
1319;44770;LA PLAINE-SUR-MER
1320;44680;SAINTE PAZANNE
1321;44320;SAINT-PERE-EN-RETZ
1322;44620;LA MONTAGNE
1323;44640;PELLERIN (LE)
1324;44560;PAIMBOEUF
1325;44770;PREFAILLES
1326;44380;PORNICHET
1327;44600;SAINT-NAZAIRE
1328;44220;COUERON
1329;44160;BESNE
1330;44130;BLAIN
1331;44570;TRIGNAC
1332;44780;MISSILLAC
1333;44550;MONTOIR-DE-BRETAGNE
1334;44360;SAINT-ETIENNE-DE-MONTLUC
1335;44260;SAVENAY
1336;44290;GUEMENE PENFAO
1337;44550;SAINT-MALO-DE-GUERSAC
1338;44160;SAINTE-REINE-DE-BRETAGNE
1339;44360;LE TEMPLE DE BRETAGNE
1340;44460;SAINT-NICOLAS-DE-REDON
1341;44480;DONGES
1342;44750;CAMPBON
1343;44360;VIGNEUX DE BRETAGNE
1344;44510;LE POULIGUEN
1345;44350;GUERANDE
1346;44420;LA TURBALLE
1347;44740;BATZ-SUR-MER
1348;44500;LA BAULE-ESCOUBLAC
1349;44420;MESQUER
1350;44490;LE CROISIC
1351;44117;SAINT-ANDRE-DES-EAUX
1352;44420;PIRIAC-SUR-MER
1353;44350;SAINT MOLF
1354;44390;NORT SUR ERDRE
1355;44110;CHATEAUBRIANT
1356;45800;ST JEAN DE BRAYE
1357;45000;ORLEANS
1358;45160;OLIVET
1359;45380;LA CHAPELLE ST MESMIN
1360;45140;ST JEAN DE LA RUELLE
1361;45650;SAINT-JEAN-LE-BLANC
1362;45100;ORLEANS
1363;45400;CHANTEAU
1364;45160;SAINT-HILAIRE-SAINT-MESMIN
1365;45400;FLEURY LES AUBRAIS
1366;45140;INGRE
1367;45400;SEMOY
1368;45750;SAINT-PRYVE-SAINT-MESMIN
1369;45770;SARAN
1370;45560;SAINT-DENIS-EN-VAL
1371;45430;CHECY
1372;45140;BOULAY-LES-BARRES
1373;45190;BEAUGENCY
1374;45160;ARDON
1375;45240;LA FERTE SAINT-AUBIN
1376;45170;NEUVILLE-AUX-BOIS
1377;45740;LAILLY EN VAL
1378;45110;CHATEAUNEUF S LOIRE
1379;45150;JARGEAU
1380;45640;SANDILLON
1381;45130;MEUNG-SUR-LOIRE
1382;45310;PATAY
1383;45200;MONTARGIS
1384;45120;CHALETTE-SUR-LOING
1385;45320;SAINT-HILAIRE-LES-ANDRESIS
1386;45200;AMILLY
1387;45120;CEPOY
1388;45390;PUISEAUX
1389;45330;LE MALESHERBOIS
1390;45300;PITHIVIERS
1391;45340;BEAUNE-LA-ROLANDE
1392;45500;GIEN
1393;45600;SULLY-SUR-LOIRE
1394;45250;BRIARE
1395;46000;CAHORS
1396;47520;LE PASSAGE
1397;47000;AGEN
1398;47390;LAYRAC
1399;47240;LAFOX
1400;47700;CASTELJALOUX
1401;47550;BOE
1402;47450;COLAYRAC ST CIRQ
1403;47600;NERAC
1404;47190;AIGUILLON
1405;47200;MARMANDE
1406;47400;TONNEINS
1407;47300;VILLENEUVE SUR LOT
1408;47210;VILLEREAL
1409;47500;FUMEL
1410;47150;MONFLANQUIN
1411;47290;CASTELNAUD DE GRATECAMBE
1412;48000;MENDE
1413;48300;LANGOGNE
1414;48150;MEYRUEIS
1415;48100;MARVEJOLS
1416;48190;MONT LOZERE ET GOULET
1417;48800;VILLEFORT
1418;48130;PEYRE EN AUBRAC
1419;49000;ANGERS
1420;49100;ANGERS
1421;49130;LES PONTS DE CE
1422;49125;TIERCE
1423;49124;SAINT-BARTHELEMY-D ANJOU
1424;49610;MURS-ERIGNE
1425;49800;TRELAZE
1426;49130;STE GEMMES SUR LOIRE
1427;49125;CHEFFES
1428;49480;VERRIERES-EN-ANJOU
1429;49112;VERRIERES-EN-ANJOU
1430;49140;RIVES-DU-LOIR-EN-ANJOU
1431;49320;BRISSAC LOIRE AUBANCE
1432;49240;AVRILLE
1433;49170;SAINT-GEORGES-SUR-LOIRE
1434;49080;BOUCHEMAINE
1435;49460;MONTREUIL-JUIGNE
1436;49300;CHOLET
1437;49120;CHEMILLE-EN-ANJOU
1438;49340;TREMENTINES
1439;49450;BEAUPREAU-EN-MAUGES
1440;49600;BEAUPREAU-EN-MAUGES
1441;49280;LA TESSOUALLE
1442;49400;SAUMUR
1443;49590;FONTEVRAUD L ABBAYE
1444;49630;MAZE-MILON
1445;49500;SEGRE-EN-ANJOU BLEU
1446;50180;AGNEAUX
1447;50000;SAINT-LO
1448;50680;MOON-SUR-ELLE
1449;50500;CARENTAN LES MARAIS
1450;50400;GRANVILLE
1451;50300;AVRANCHES
1452;50600;GRANDPARIGNY
1453;50350;DONVILLE-LES-BAINS
1454;50600;SAINT-HILAIRE-DU-HARCOUET
1455;50370;BRECEY
1456;50610;JULLOUVILLE
1457;50170;PONTORSON
1458;50100;CHERBOURG-EN-COTENTIN
1459;50470;CHERBOURG-EN-COTENTIN
1460;50110;CHERBOURG-EN-COTENTIN
1461;50130;CHERBOURG-EN-COTENTIN
1462;50120;CHERBOURG-EN-COTENTIN
1463;50200;COUTANCES
1464;50430;SAINT-GERMAIN-SUR-AY
1465;50450;GAVRAY-SUR-SIENNE
1466;50560;GOUVILLE-SUR-MER
1467;50230;AGON-COUTAINVILLE
1468;50770;PIROU
1469;50190;PERIERS
1470;50430;LESSAY
1471;50250;LA HAYE
1472;50270;BARNEVILLE-CARTERET
1473;50550;SAINT-VAAST-LA-HOUGUE
1474;50270;BAUBIGNY
1475;50700;VALOGNES
1476;50580;PORT-BAIL-SUR-MER
1477;51000;CHALONS EN CHAMPAGNE
1478;51470;SAINT-MEMMIE
1479;51800;SAINTE MENEHOULD
1480;51300;BLACY
1481;51300;VITRY LE FRANCOIS
1482;51300;FRIGNICOURT
1483;51200;EPERNAY
1484;51700;DORMANS
1485;51530;VINAY
1486;51530;CRAMANT
1487;51190;AVIZE
1488;51700;MAREUIL-LE-PORT
1489;51100;REIMS
1490;51430;TINQUEUX
1491;51530;DIZY
1492;51160;AY-CHAMPAGNE
1493;51350;CORMONTREUIL
1494;51370;SAINT BRICE COURCELLES
1495;51500;CHIGNY-LES-ROSES
1496;51500;SILLERY
1497;51450;BETHENY
1498;51430;BEZANNES
1499;51170;FISMES
1500;51420;WITRY-LES-REIMS
1501;51530;MAGENTA
1502;51160;AVENAY-VAL-D'OR
1503;52800;NOGENT
1504;52000;CHAUMONT
1505;52200;LANGRES
1506;53200;CHATEAU-GONTIER-SUR-MAYENNE
1507;53800;CONGRIER
1508;53000;LAVAL
1509;53810;CHANGE
1510;53300;ST FRAIMBAULT DE PRIERES
1511;53100;MAYENNE
1512;54270;ESSEY LES NANCY
1513;54000;NANCY
1514;54500;VANDOEUVRE LES NANCY
1515;54700;PONT A MOUSSON
1516;54130;SAINT MAX
1517;54140;JARVILLE LA MALGRANGE
1518;54220;MALZEVILLE
1519;54600;VILLERS LES NANCY
1520;54250;CHAMPIGNEULLES
1521;54850;MEREVILLE
1522;54425;PULNOY
1523;54320;MAXEVILLE
1524;54520;LAXOU
1525;54390;FROUARD
1526;54136;BOUXIERES-AUX-DAMES
1527;54410;LANEUVEVILLE-DEVANT-NANCY
1528;54670;CUSTINES
1529;54510;TOMBLAINE
1530;54630;RICHARDMENIL
1531;54180;HEILLECOURT
1532;54550;PONT-SAINT-VINCENT
1533;54740;HAROUE
1534;54110;VARANGEVILLE
1535;54210;SAINT-NICOLAS-DE-PORT
1536;54150;VAL DE BRIEY
1537;54400;LONGWY
1538;54750;TRIEUX
1539;54730;GORCY
1540;54860;HAUCOURT-MOULAINE
1541;54240;JOEUF
1542;54800;JARNY
1543;54650;SAULNES
1544;54310;HOMECOURT
1545;54640;TUCQUEGNIEUX
1546;54350;MONT SAINT MARTIN
1547;54430;REHON
1548;54580;AUBOUE
1549;54810;LONGLAVILLE
1550;54880;THIL
1551;54260;LONGUYON
1552;54440;HERSERANGE
1553;54590;HUSSIGNY GODBRANGE
1554;54190;VILLERUPT
1555;54400;COSNES-ET-ROMAIN
1556;54870;CONS-LA-GRANDVILLE
1557;54800;HATRIZE
1558;54910;VALLEROY
1559;54300;LUNEVILLE
1560;54122;VATHIMENIL
1561;54360;DAMELEVIERES
1562;54360;MONT-SUR-MEURTHE
1563;54360;BLAINVILLE-SUR-L EAU
1564;54570;FOUG
1565;54200;PIERRE-LA-TREICHE
1566;54200;ECROUVES
1567;54200;TOUL
1568;54200;DOMMARTIN-LES-TOUL
1569;54200;VILLEY-SAINT-ETIENNE
1570;54119;DOMGERMAIN
1571;54470;THIAUCOURT-REGNIEVILLE
1572;55430;BELLEVILLE SUR MEUSE
1573;55100;VERDUN
1574;56640;ARZON
1575;56890;SAINT-AVE
1576;56000;VANNES
1577;56610;ARRADON
1578;56880;PLOEREN
1579;56680;PLOUHINEC
1580;56520;GUIDEL
1581;56680;GAVRES
1582;56260;LARMOR-PLAGE
1583;56100;LORIENT
1584;56570;LOCMIQUELIC
1585;56650;INZINZAC-LOCHRIST
1586;56290;PORT-LOUIS
1587;56530;GESTEL
1588;56700;HENNEBONT
1589;56270;PLOEMEUR
1590;56600;LANESTER
1591;56670;RIANTEC
1592;56620;CLEGUER
1593;56700;KERVIGNAC
1594;56440;LANGUIDIC
1595;56400;BRECH
1596;56400;PLOEMEL
1597;56400;AURAY
1598;56340;CARNAC
1599;56360;LOCMARIA
1600;56360;LE PALAIS
1601;56510;SAINT-PIERRE-QUIBERON
1602;56170;QUIBERON
1603;56550;BELZ
1604;56470;LA TRINITE SUR MER
1605;56410;ERDEVEN
1606;56400;LE BONO
1607;56410;ETEL
1608;56360;SAUZON
1609;56400;SAINTE-ANNE-D'AURAY
1610;56470;SAINT-PHILIBERT
1611;56330;PLUVIGNER
1612;56400;PLUNERET
1613;56340;PLOUHARNEL
1614;56140;MALESTROIT
1615;56800;PLOERMEL
1616;56300;PONTIVY
1617;56160;LIGNOL
1618;56150;BAUD
1619;58000;NEVERS
1620;58600;FOURCHAMBAULT
1621;58640;VARENNES-VAUZELLES
1622;58160;IMPHY
1623;58660;COULANGES LES NEVERS
1624;58300;DECIZE
1625;58000;SAINT ELOI
1626;59800;LILLE
1627;59110;LA MADELEINE
1628;59000;LILLE
1629;59370;MONS EN BAROEUL
1630;59130;LAMBERSART
1631;59155;FACHES THUMESNIL
1632;59260;LILLE
1633;59777;LILLE
1634;59350;SAINT-ANDRE
1635;59118;WAMBRECHIES
1636;59790;RONCHIN
1637;59520;MARQUETTE-LEZ-LILLE
1638;59650;VILLENEUVE-D'ASCQ
1639;59134;FOURNES-EN-WEPPES
1640;59170;CROIX
1641;59390;LYS LEZ LANNOY
1642;59491;VILLENEUVE-D'ASCQ
1643;59100;ROUBAIX
1644;59150;WATTRELOS
1645;59160;LILLE
1646;59136;WAVRIN
1647;59133;PHALEMPIN
1648;59810;LESQUIN
1649;59390;LANNOY
1650;59320;ENNETIERES-EN-WEPPES
1651;59120;LOOS
1652;59320;SEQUEDIN
1653;59251;ALLENNES-LES-MARAIS
1654;59139;WATTIGNIES
1655;59290;WASQUEHAL
1656;59710;AVELIN
1657;59780;WILLEMS
1658;59320;HAUBOURDIN
1659;59493;VILLENEUVE-D'ASCQ
1660;59113;SECLIN
1661;59710;PONT-A-MARCQ
1662;59242;TEMPLEUVE EN PEVELE
1663;59830;CYSOING
1664;59320;HALLENNES-LEZ-HAUBOURDIN
1665;59510;HEM
1666;59235;BERSEE
1667;59420;MOUVAUX
1668;59700;MARCQ EN BAROEUL
1669;59223;RONCQ
1670;59200;TOURCOING
1671;59280;ARMENTIERES
1672;59840;PERENCHIES
1673;59250;HALLUIN
1674;59890;DEULEMONT
1675;59960;NEUVILLE EN FERRAIN
1676;59910;BONDUES
1677;59126;LINSELLES
1678;59890;QUESNOY SUR DEULE
1679;59760;GRANDE-SYNTHE
1680;59270;BAILLEUL
1681;59190;HAZEBROUCK
1682;59500;DOUAI
1683;59552;LAMBRES LEZ DOUAI
1684;59450;SIN LE NOBLE
1685;59490;SOMAIN
1686;59310;FAUMONT
1687;59146;PECQUENCOURT
1688;59600;MAUBEUGE
1689;59540;CAUDRY
1690;59400;CAMBRAI
1691;59590;RAISMES
1692;59300;VALENCIENNES
1693;59770;MARLY
1694;59230;SAINT-AMAND-LES-EAUX
1695;59410;ANZIN
1696;59178;HASNON
1697;59125;TRITH-ST-LEGER
1698;59220;DENAIN
1699;60000;BEAUVAIS
1700;60110;MERU
1701;60590;TRIE CHATEAU
1702;60540;BORNEL
1703;60430;NOAILLES
1704;60790;VALDAMPIERRE
1705;60240;CHAUMONT-EN-VEXIN
1706;60570;LABOISSIERE EN THELLE
1707;60570;ANDEVILLE
1708;60000;GOINCOURT
1709;60730;STE GENEVIEVE
1710;60240;LOCONVILLE
1711;60290;RANTIGNY
1712;60600;CLERMONT
1713;60140;LIANCOURT
1714;60600;FITZ JAMES
1715;60290;LAIGNEVILLE
1716;60250;MOUY
1717;60360;CREVECOEUR LE GRAND
1718;60510;LA RUE ST PIERRE
1719;60200;COMPIEGNE
1720;60280;MARGNY LES COMPIEGNE
1721;60280;CLAIROIX
1722;60400;NOYON
1723;60170;RIBECOURT DRESLINCOURT
1724;60610;LACROIX ST OUEN
1725;60280;VENETTE
1726;60190;LACHELLE
1727;60350;ATTICHY
1728;60880;JAUX
1729;60150;THOUROTTE
1730;60880;LE MEUX
1731;60170;CAMBRONNE LES RIBECOURT
1732;60660;ST VAAST LES MELLO
1733;60700;PONT STE MAXENCE
1734;60180;NOGENT SUR OISE
1735;60660;CIRES LES MELLO
1736;60410;SAINTINES
1737;60530;DIEUDONNE
1738;60460;PRECY SUR OISE
1739;60300;SENLIS
1740;60500;CHANTILLY
1741;60270;GOUVIEUX
1742;60100;CREIL
1743;60440;NANTEUIL LE HAUDOUIN
1744;60870;VILLERS ST PAUL
1745;60520;LA CHAPELLE EN SERVAL
1746;60700;FLEURINES
1747;60550;VERNEUIL EN HALATTE
1748;60160;MONTATAIRE
1749;60800;CREPY EN VALOIS
1750;60560;ORRY LA VILLE
1751;60740;ST MAXIMIN
1752;60300;AVILLY ST LEONARD
1753;60260;LAMORLAYE
1754;60340;ST LEU D ESSERENT
1755;60320;BETHISY ST MARTIN
1756;60410;VERBERIE
1757;60160;THIVERNY
1758;60230;CHAMBLY
1759;60800;LEVIGNEN
1760;60820;BORAN SUR OISE
1761;60320;BETHISY ST PIERRE
1762;60580;COYE LA FORET
1763;60500;VINEUIL ST FIRMIN
1764;60330;LE PLESSIS BELLEVILLE
1765;60128;MORTEFONTAINE
1766;60660;CRAMOISY
1767;60500;GOUVIEUX
1768;60440;PEROY LES GOMBRIES
1769;60530;NEUILLY EN THELLE
1770;60950;VER SUR LAUNETTE
1771;60260;GOUVIEUX
1772;60530;LE MESNIL EN THELLE
1773;60128;PLAILLY
1774;61000;ALENCON
1775;61100;FLERS
1776;61140;BAGNOLES DE L'ORNE NORMANDIE
1777;62000;ARRAS
1778;62217;ACHICOURT
1779;62223;SAINT-NICOLAS
1780;62300;ELEU-DIT-LEAUWETTE
1781;62223;ANZIN-SAINT-AUBIN
1782;62217;BEAURAINS
1783;62210;AVION
1784;62223;SAINTE-CATHERINE
1785;62580;NEUVILLE-ST-VAAST
1786;62690;SAVY-BERLETTE
1787;62118;BIACHE-SAINT-VAAST
1788;62400;BETHUNE
1789;62460;DIVION
1790;62196;HESDIGNEUL-LES-BETHUNE
1791;62660;BEUVRY
1792;62330;ISBERGUES
1793;62160;AIX NOULETTE
1794;62440;HARNES
1795;62220;CARVIN
1796;62640;MONTIGNY EN GOHELLE
1797;62410;WINGLES
1798;62300;LENS
1799;62750;LOOS EN GOHELLE
1800;62110;HENIN-BEAUMONT
1801;62930;WIMEREUX
1802;62152;NEUFCHATEL-HARDELOT
1803;62280;ST MARTIN BOULOGNE
1804;62100;CALAIS
1805;62179;WISSANT
1806;62200;BOULOGNE SUR MER
1807;62250;MARQUISE
1808;62600;BERCK
1809;62520;LE TOUQUET PARIS PLAGE
1810;62780;CUCQ
1811;62155;MERLIMONT
1812;62120;AIRE-SUR-LA-LYS
1813;62575;BLENDECQUES
1814;62500;SAINT OMER
1815;62219;LONGUENESSE
1816;62510;ARQUES
1817;63200;RIOM
1818;63140;CHATELGUYON
1819;63230;PONTGIBAUD
1820;63300;THIERS
1821;63500;ISSOIRE
1822;63710;SAINT-NECTAIRE
1823;63610;BESSE-ET-SAINT-ANASTAISE
1824;63114;MONTPEYROUX
1825;63680;CHASTREIX
1826;64000;PAU
1827;64140;BILLERE
1828;64140;LONS
1829;64320;BIZANOS
1830;64121;SERRES CASTET
1831;64450;MIOSSENS LANUSSE
1832;64110;JURANCON
1833;64320;IDRON
1834;64190;NAVARRENX
1835;64150;MOURENX
1836;64110;GELOS
1837;64230;SAUVAGNON
1838;64230;MAZEROLLES
1839;64300;ORTHEZ
1840;64230;LESCAR
1841;64110;RONTIGNON
1842;64160;MORLAAS
1843;64230;DENGUIN
1844;64800;LESTELLE BETHARRAM
1845;64400;OLORON SAINTE MARIE
1846;64260;REBENACQ
1847;64440;EAUX BONNES
1848;64400;MOUMOUR
1849;64440;LARUNS
1850;64800;NAY
1851;64260;SEVIGNACQ MEYRACQ
1852;64570;ARETTE
1853;64100;BAYONNE
1854;64200;BIARRITZ
1855;64600;ANGLET
1856;64480;USTARITZ
1857;64500;SAINT-JEAN-DE-LUZ
1858;64130;MAULEON LICHARRE
1859;64700;HENDAYE
1860;64990;LAHONCE
1861;64200;BASSUSSARRY
1862;64500;CIBOURE
1863;64240;HASPARREN
1864;64220;UHART-CIZE
1865;64120;SAINT-PALAIS
1866;65100;LOURDES
1867;65400;ARGELES-GAZOST
1868;65130;CAPVERN
1869;65000;TARBES
1870;65110;CAUTERETS
1871;65170;SAINT-LARY-SOULAN
1872;65240;ARREAU
1873;65170;SAILHAN
1874;65710;CAMPAN
1875;65200;BAGNERES-DE-BIGORRE
1876;65120;BAREGES
1877;65120;ESQUIEZE-SERE
1878;65600;SEMEAC
1879;65120;LUZ-SAINT-SAUVEUR
1880;65240;GERM
1881;65170;ARAGNOUET
1882;65100;ADE
1883;65170;VIELLE-AURE
1884;66700;ARGELES SUR MER
1885;66200;ELNE
1886;66140;CANET EN ROUSSILLON
1887;66470;SAINTE-MARIE-LA-MER
1888;66750;SAINT-CYPRIEN
1889;66100;PERPIGNAN
1890;66000;PERPIGNAN
1891;66440;TORREILLES
1892;66420;LE BARCARES
1893;66200;CORNEILLA DEL VERCOL
1894;66350;TOULOUGES
1895;66200;ALENYA
1896;66210;LES ANGLES
1897;66210;BOLQUERE
1898;66110;AMELIE LES BAINS
1899;66400;CERET
1900;66120;FONT-ROMEU ODEILLO-VIA
1901;66600;RIVESALTES
1902;66210;PUYVALADOR
1903;66220;SAINT-PAUL-DE-FENOUILLET
1904;66210;FORMIGUERES
1905;66160;LE BOULOU
1906;69250;ALBIGNY-SUR-SAONE
1907;69002;LYON 2EME
1908;69250;NEUVILLE SUR SAONE
1909;69004;LYON 4EME
1910;69005;LYON 5EME
1911;69009;LYON 9EME
1912;69650;QUINCIEUX
1913;69300;CALUIRE ET CUIRE
1914;69001;LYON 1ER
1915;69140;RILLIEUX-LA-PAPE
1916;69270;FONTAINES SUR SAONE
1917;69730;GENAY
1918;69250;FLEURIEU-SUR-SAONE
1919;69270;COUZON-AU-MONT-D OR
1920;69580;SATHONAY-CAMP
1921;69250;CURIS-AU-MONT-D'OR
1922;69270;CAILLOUX-SUR-FONTAINES
1923;69270;ROCHETAILLEE-SUR-SAONE
1924;69270;SAINT-ROMAIN-AU-MONT-D OR
1925;69250;MONTANAY
1926;69580;SATHONAY-VILLAGE
1927;69650;SAINT-GERMAIN-AU-MONT-D OR
1928;69003;LYON 3EME
1929;69007;LYON 7EME
1930;69006;LYON 6EME
1931;69008;LYON 8EME
1932;69330;MEYZIEU
1933;69780;SAINT-PIERRE-DE-CHANDIEU
1934;69100;VILLEURBANNE
1935;69200;VENISSIEUX
1936;69150;DECINES-CHARPIEU
1937;69360;TERNAY
1938;69120;VAULX EN VELIN
1939;69800;SAINT-PRIEST
1940;69780;MIONS
1941;69190;ST FONS
1942;69680;CHASSIEU
1943;69500;BRON
1944;69960;CORBAS
1945;69740;GENAS
1946;69720;SAINT-BONNET-DE-MURE
1947;69360;SEREZIN-DU-RHONE
1948;69320;FEYZIN
1949;69720;SAINT-LAURENT-DE-MURE
1950;69360;SOLAIZE
1951;69360;SAINT-SYMPHORIEN-D'OZON
1952;69780;TOUSSIEU
1953;69230;SAINT-GENIS-LAVAL
1954;69600;OULLINS
1955;69350;LA MULATIERE
1956;69110;SAINTE FOY LES LYON
1957;69510;SOUCIEU EN JARREST
1958;69530;BRIGNAIS
1959;69420;CONDRIEU
1960;69440;TALUYERS
1961;69520;GRIGNY
1962;69700;GIVORS
1963;69540;IRIGNY
1964;69420;AMPUIS
1965;69440;SAINT LAURENT D'AGNY
1966;69390;CHARLY
1967;69310;PIERRE BENITE
1968;69390;VERNAISON
1969;69560;SAINTE-COLOMBE
1970;69560;SAINT ROMAIN EN GAL
1971;69700;ECHALAS
1972;69700;MONTAGNY
1973;69440;MORNANT
1974;69630;CHAPONOST
1975;69390;VOURLES
1976;69340;FRANCHEVILLE
1977;69660;COLLONGES-AU-MONT- D OR
1978;69130;ECULLY
1979;69570;DARDILLY
1980;69290;CRAPONNE
1981;69160;TASSIN-LA-DEMI-LUNE
1982;69126;BRINDAS
1983;69850;DUERNE
1984;69280;MARCY-L ETOILE
1985;69380;MARCILLY-D AZERGUES
1986;69210;L ARBRESLE
1987;69410;CHAMPAGNE-AU-MONT-D OR
1988;69210;FLEURIEUX-SUR-L ARBRESLE
1989;69290;GREZIEU-LA-VARENNE
1990;69760;LIMONEST
1991;69260;CHARBONNIERES-LES-BAINS
1992;69210;SAIN-BEL
1993;69210;LENTILLY
1994;69380;CHASSELAY
1995;69690;BRUSSIEU
1996;69210;BULLY
1997;69450;SAINT CYR AU MONT D OR
1998;69210;SAINT GERMAIN NUELLES
1999;69690;COURZIEU
2000;69380;DOMMARTIN
2001;69290;POLLIONNAY
2002;69890;LA TOUR DE SALVAGNY
2003;69610;SAINTE-FOY-L ARGENTIERE
2004;69370;SAINT-DIDIER-AU-MONT-D OR
2005;69590;SAINT SYMPHORIEN SUR COISE
2006;69510;THURINS
2007;69490;SARCEY
2008;69400;VILLEFRANCHE
2009;69240;THIZY LES BOURGS
2010;69380;LOZANNE
2011;69400;LIMAS
2012;69380;ALIX
2013;69400;ARNAS
2014;69170;TARARE
2015;69400;GLEIZE
2016;69830;SAINT GEORGES DE RENEINS
2017;69220;CHARENTAY
2018;69480;ANSE
2019;69870;LAMURE SUR AZERGUES
2020;69430;SAINT-DIDIER-SUR-BEAUJEU
2021;69220;BELLEVILLE-EN-BEAUJOLAIS
2022;69490;SAINT-FORGEUX
2023;69550;AMPLEPUIS
2024;69640;VILLE SUR JARNIOUX
2025;69640;SAINT-JULIEN
2026;69620;LEGNY
2027;69620;VAL D'OINGT
2028;69220;CERCIE
2029;69480;LUCENAY
2030;69380;CHESSY
2031;69480;MARCY
2032;70300;LUXEUIL-LES-BAINS
2033;70400;HERICOURT
2034;70200;LURE
2035;70300;SAINT-SAUVEUR
2036;70400;CHALONVILLARS
2037;70110;VILLERSEXEL
2038;70400;CHAGEY
2039;70000;VESOUL
2040;70000;NOIDANS-LES-VESOUL
2041;70000;NAVENNE
2042;70190;RIOZ
2043;70000;PUSEY
2044;70000;ECHENOZ-LA-MELINE
2045;70100;ARC-LES-GRAY
2046;71000;MACON
2047;71700;TOURNUS
2048;71250;CLUNY
2049;71210;MONTCHANIN
2050;71390;SAINT-DESERT
2051;71100;CHALON-SUR-SAONE
2052;71640;GIVRY
2053;71100;SAINT-REMY
2054;71300;MONTCEAU LES MINES
2055;71230;SAINT VALLIER
2056;71150;CHAGNY
2057;71120;CHAROLLES
2058;71600;PARAY LE MONIAL
2059;71170;CHAUFFAILLES
2060;71160;DIGOIN
2061;71400;AUTUN
2062;71200;LE CREUSOT
2063;71450;BLANZY
2064;71200;SAINT SERNIN DU BOIS
2065;71500;LOUHANS
2066;72000;LE MANS
2067;72230;RUAUDIN
2068;72700;ALLONNES
2069;72100;LE MANS
2070;72250;PARIGNE L EVEQUE
2071;72230;MULSANNE
2072;72500;MONTVAL-SUR-LOIR
2073;72450;MONTFORT-LE-GESNOIS
2074;72120;SAINT CALAIS
2075;72220;SAINT MARS D OUTILLE
2076;72300;SABLE SUR SARTHE
2077;72430;NOYEN SUR SARTHE
2078;72200;LA FLECHE
2079;72800;AUBIGNE RACAN
2080;72200;CLERMONT CREANS
2081;72400;LA FERTE BERNARD
2082;72610;CHAMPFLEUR
2083;72600;MAMERS
2084;72170;BEAUMONT SUR SARTHE
2085;73100;AIX LES BAINS
2086;73210;LA PLAGNE TARENTAISE
2087;73190;SAINT-JEOIRE-PRIEURE
2088;73440;LES BELLEVILLE
2089;73480;VAL CENIS
2090;73220;EPIERRE
2091;73200;ALBERTVILLE
2092;73450;VALLOIRE
2093;73130;SAINT FRANCOIS LONGCHAMP
2094;73450;VALMEINIER
2095;73490;LA RAVOIRE
2096;73230;BARBY
2097;73150;VAL-D ISERE
2098;73550;LES ALLUES
2099;73000;CHAMBERY
2100;73700;MONTVALEZAN
2101;73320;TIGNES
2102;73500;MODANE
2103;73500;AUSSOIS
2104;73700;BOURG-SAINT-MAURICE
2105;73100;MOUXY
2106;73210;AIME LA PLAGNE
2107;73000;BASSENS
2108;73620;HAUTELUCE
2109;73120;COURCHEVEL
2110;73230;SAINT-JEAN-D ARVEY
2111;73270;VILLARD SUR DORON
2112;73410;ENTRELACS
2113;73420;VOGLANS
2114;73100;TRESSERVE
2115;73590;FLUMET
2116;73290;LA MOTTE SERVOLEX
2117;73710;PRALOGNAN-LA-VANOISE
2118;73260;LES AVANCHERS VALMOREL
2119;73000;BARBERAZ
2120;73300;ALBIEZ-MONTROND
2121;74240;GAILLARD
2122;74330;LA BALME DE SILLINGY
2123;74600;ANNECY
2124;74210;FAVERGES-SEYTHENEX
2125;74000;ANNECY
2126;74230;MANIGOD
2127;74960;ANNECY
2128;74450;LE GRAND BORNAND
2129;74520;VALLEIRY
2130;74290;VEYRIER-DU-LAC
2131;74210;DOUSSARD
2132;74100;ANNEMASSE
2133;74940;ANNECY
2134;74160;NEYDENS
2135;74370;ARGONAY
2136;74150;RUMILLY
2137;74100;VETRAZ-MONTHOUX
2138;74560;MONNETIER-MORNEX
2139;74160;COLLONGES-SOUS-SALEVE
2140;74100;VILLE-LA-GRAND
2141;74380;LUCINGES
2142;74380;BONNE
2143;74330;POISY
2144;74520;CHENEX
2145;74160;SAINT-JULIEN-EN-GENEVOIS
2146;74220;LA CLUSAZ
2147;74230;THONES
2148;74370;ANNECY
2149;74350;ALLONZIER-LA-CAILLE
2150;74330;EPAGNY METZ-TESSY
2151;74410;DUINGT
2152;74350;COPPONEX
2153;74160;ARCHAMPS
2154;74570;GROISY
2155;74580;VIRY
2156;74290;MENTHON-SAINT-BERNARD
2157;74400;CHAMONIX MONT BLANC
2158;74250;VIUZ-EN-SALLAZ
2159;74120;PRAZ SUR ARLY
2160;74800;LA ROCHE SUR FORON
2161;74950;SCIONZIER
2162;74920;COMBLOUX
2163;74300;THYEZ
2164;74170;LES CONTAMINES MONTJOIE
2165;74130;MONT-SAXONNEX
2166;74490;ONNION
2167;74170;SAINT GERVAIS LES BAINS
2168;74700;SALLANCHES
2169;74300;ARACHES LA FRASSE
2170;74310;SERVOZ
2171;74440;TANINGES
2172;74260;LES GETS
2173;74120;MEGEVE
2174;74130;BONNEVILLE
2175;74190;PASSY
2176;74300;CLUSES
2177;74440;MORILLON
2178;74970;MARIGNIER
2179;74340;SAMOENS
2180;74660;VALLORCINE
2181;74120;DEMI-QUARTIER
2182;74800;CORNIER
2183;74310;LES HOUCHES
2184;74480;PASSY
2185;74250;LA TOUR
2186;74440;MIEUSSY
2187;74800;AMANCY
2188;74440;VERCHAIX
2189;74490;SAINT-JEOIRE
2190;74700;CORDON
2191;74800;SAINT-PIERRE-EN-FAUCIGNY
2192;74130;CONTAMINE-SUR-ARVE
2193;74130;GLIERES-VAL-DE-BORNE
2194;74460;MARNAZ
2195;74500;EVIAN-LES-BAINS
2196;74500;SAINT-PAUL-EN-CHABLAIS
2197;74430;SAINT-JEAN-D'AULPS
2198;76800;SAINT-ETIENNE-DU-ROUVRAY
2199;76100;ROUEN
2200;76000;ROUEN
2201;76240;MESNIL-ESNARD (LE)
2202;76120;GRAND QUEVILLY (LE)
2203;76240;BONSECOURS
2204;76140;PETIT QUEVILLY (LE)
2205;76650;PETIT-COURONNE (LE)
2206;76300;SOTTEVILLE-LES-ROUEN
2207;76320;CAUDEBEC-LES-ELBEUF
2208;76500;ELBEUF
2209;76410;TOURVILLE-LA-RIVIERE
2210;76320;SAINT PIERRE LES ELBEUF
2211;76920;AMFREVILLE-LA-MIVOIE
2212;76130;MONT-SAINT-AIGNAN
2213;76150;MAROMME
2214;76160;DARNETAL
2215;76380;CANTELEU
2216;76360;BARENTIN
2217;76230;BOIS GUILLAUME
2218;76160;SAINT-LEGER-DU-BOURG-DENIS
2219;76250;DEVILLE-LES-ROUEN
2220;76420;BIHOREL
2221;76960;NOTRE-DAME-DE-BONDEVILLE
2222;76360;VILLERS ECALLES
2223;76200;DIEPPE
2224;76880;ARQUES-LA-BATAILLE
2225;76470;LE TREPORT
2226;76260;EU
2227;76370;DIEPPE
2228;76610;LE HAVRE
2229;76620;LE HAVRE
2230;76600;LE HAVRE
2231;76310;STE ADRESSE
2232;76700;HARFLEUR
2233;76290;MONTIVILLIERS
2234;76210;GRUCHET-LE-VALASSE
2235;76430;SAINT-ROMAIN-DE-COLBOSC
2236;76700;SAINT-LAURENT-DE-BREVEDENT
2237;76400;FECAMP
2238;76210;LANQUETOT
2239;76170;LILLEBONNE
2240;76790;ETRETAT
2241;76330;PORT-JEROME-SUR-SEINE
2242;76700;GONFREVILLE L ORCHER
2243;76400;MANIQUERVILLE
2244;76210;BOLBEC
2245;76110;BREAUTE
2246;76440;FORGES-LES-EAUX
2247;76220;GOURNAY-EN-BRAY
2248;76490;RIVES-EN-SEINE
2249;76460;SAINT-VALERY-EN-CAUX
2250;76190;YVETOT
2251;76540;SAINT-PIERRE-EN-PORT
2252;76450;SAINT MARTIN AUX BUNEAUX
2253;76760;YERVILLE
2254;76970;GREMONVILLE
2255;77170;SERVON
2256;77330;OZOIR LA FERRIERE
2257;77000;MELUN
2258;77220;TOURNAN-EN-BRIE
2259;77000;VAUX-LE-PENIL
2260;77350;LE MEE SUR SEINE
2261;77170;BRIE COMTE ROBERT
2262;77720;CHAMPEAUX
2263;77380;COMBS LA VILLE
2264;77127;LIEUSAINT
2265;77310;SAINT-FARGEAU-PONTHIERRY
2266;77150;LESIGNY
2267;77630;BARBIZON
2268;77220;GRETZ-ARMAINVILLIERS
2269;77550;REAU
2270;77176;SAVIGNY-LE-TEMPLE
2271;77176;NANDY
2272;77220;PRESLES-EN-BRIE
2273;77340;PONTAULT COMBAULT
2274;77390;GUIGNES
2275;77590;CHARTRETTES
2276;77190;DAMMARIE LES LYS
2277;77240;CESSON
2278;77166;GRISY-SUISNES
2279;77820;CHATELET-EN-BRIE (LE)
2280;77000;ROCHETTE(LA)
2281;77133;MACHAULT
2282;77680;ROISSY-EN-BRIE
2283;77310;PRINGY
2284;77111;SOLERS
2285;77550;MOISSY-CRAMAYEL
2286;77130;MONTEREAU FAULT YONNE
2287;77140;SAINT-PIERRE-LES-NEMOURS
2288;77690;MONTIGNY-SUR-LOING
2289;77300;FONTAINEBLEAU
2290;77390;ANDREZEL
2291;77210;AVON
2292;77720;BOMBON
2293;77140;NEMOURS
2294;77111;SOIGNOLLES-EN-BRIE
2295;77850;HERICY
2296;77170;COUBERT
2297;77250;MORET-LOING-ET-ORVANNE
2298;77920;SAMOIS SUR SEINE
2299;77123;NOISY-SUR-ECOLE
2300;77173;CHEVRY-COSSIGNY
2301;77166;EVRY-GREGY-SUR-YERRE
2302;77390;CHAUMES-EN-BRIE
2303;77430;CHAMPAGNE SUR SEINE
2304;77240;SEINE-PORT
2305;77220;FAVIERES
2306;77720;MORMANT
2307;77940;VOULX
2308;77760;ACHERES-LA-FORET
2309;77390;CHAMPDEUIL
2310;77460;SOUPPES-SUR-LOING
2311;77135;PONTCARRE
2312;77670;SAINT-MAMMES
2313;77930;SAINT-SAUVEUR-SUR-ECOLE
2314;77115;SIVRY-COURTRY
2315;77590;BOIS LE ROI
2316;77630;SAINT-MARTIN-EN-BIERE
2317;77510;REBAIS
2318;77610;FONTENAY-TRESIGNY
2319;77120;COULOMMIERS
2320;77860;QUINCY-VOISINS
2321;77320;JOUY-SUR-MORIN
2322;77260;LA FERTE SOUS JOUARRE
2323;77450;ESBLY
2324;77730;CITRY
2325;77840;CROUY-SUR-OURCQ
2326;77163;MORTCERF
2327;77540;ROZAY-EN-BRIE
2328;77440;MARY-SUR-MARNE
2329;77860;COUILLY-PONT-AUX-DAMES
2330;77580;CRECY LA CHAPELLE
2331;77750;BASSEVELLE
2332;77450;CONDE-SAINTE-LIBIAIRE
2333;77320;FERTE-GAUCHER (LA)
2334;77174;VILLENEUVE-SAINT-DENIS
2335;77139;DOUY-LA-RAMEE
2336;77169;SAINT-SIMEON
2337;77120;BEAUTHEIL-SAINTS
2338;77580;VILLIERS-SUR-MORIN
2339;77640;JOUARRE
2340;77130;CANNES-ECLUSE
2341;77690;GENEVRAYE (LA)
2342;77410;CLAYE-SOUILLY
2343;77100;MEAUX
2344;77400;SAINT THIBAULT DES VIGNES
2345;77200;TORCY
2346;77500;CHELLES
2347;77270;VILLEPARISIS
2348;77230;LONGPERRIER
2349;77600;BUSSY-SAINT-GEORGES
2350;77700;SERRIS
2351;77144;MONTEVRAIN
2352;77186;NOISIEL
2353;77410;ANNET-SUR-MARNE
2354;77400;POMPONNE
2355;77090;COLLEGIEN
2356;77910;VARREDDES
2357;77400;LAGNY-SUR-MARNE
2358;77420;CHAMPS-SUR-MARNE
2359;77184;EMERAINVILLE
2360;77600;BUSSY-SAINT-MARTIN
2361;77178;SAINT-PATHUS
2362;77230;DAMMARTIN-EN-GOELE
2363;77360;VAIRES SUR MARNE
2364;77185;LOGNES
2365;77600;CHANTELOUP EN BRIE
2366;77700;MAGNY-LE-HONGRE
2367;77700;COUPVRAY
2368;77124;VILLENOY
2369;77400;THORIGNY SUR MARNE
2370;77700;BAILLY-ROMAINVILLIERS
2371;77181;LE PIN
2372;77124;CREGY-LES-MEAUX
2373;77700;CHESSY
2374;77230;VILLENEUVE SOUS DAMMARTIN
2375;77177;BROU-SUR-CHANTEREINE
2376;77410;VILLEVAUDE
2377;77164;FERRIERES-EN-BRIE
2378;77290;MITRY MORY
2379;77100;NANTEUIL-LES-MEAUX
2380;77400;DAMPMART
2381;77230;NANTOUILLET
2382;77410;CHARMENTRAY
2383;77470;TRILPORT
2384;77230;SAINT-MARD
2385;77165;SAINT-SOUPPLETS
2386;77178;OISSERY
2387;77280;OTHIS
2388;77600;JOSSIGNY
2389;77181;COURTRY
2390;77183;CROISSY-BEAUBOURG
2391;77450;TRILBARDOU
2392;77400;GOUVERNES
2393;77470;POINCY
2394;77400;CARNETIN
2395;77124;CHAUCONIN-NEUFMONTIERS
2396;77600;GUERMANTES
2397;77910;CHAMBRY
2398;77410;MESSY
2399;77230;THIEUX
2400;77450;ISLES-LES-VILLENOY
2401;77160;PROVINS
2402;77370;GASTINS
2403;77370;NANGIS
2404;77480;MOUY-SUR-SEINE
2405;77134;ORMES-SUR-VOULZIE (LES)
2406;77480;MOUSSEAUX-LES-BRAY
2407;77370;MAISON-ROUGE
2408;78000;VERSAILLES
2409;78210;SAINT-CYR-L ECOLE
2410;78390;BOIS D ARCY
2411;78220;VIROFLAY
2412;78180;MONTIGNY LE BRETONNEUX
2413;78140;VELIZY VILLACOUBLAY
2414;78190;TRAPPES
2415;78280;GUYANCOURT
2416;78330;FONTENAY LE FLEURY
2417;78150;LE CHESNAY-ROCQUENCOURT
2418;78350;JOUY EN JOSAS
2419;78530;BUC
2420;78117;CHATEAUFORT
2421;78160;MARLY-LE-ROI
2422;78110;VESINET (LE)
2423;78370;PLAISIR
2424;78340;CLAYES-SOUS-BOIS (LES)
2425;78600;MAISONS-LAFFITTE
2426;78500;SARTROUVILLE
2427;78430;LOUVECIENNES
2428;78290;CROISSY SUR SEINE
2429;78420;CARRIERES SUR SEINE
2430;78800;HOUILLES
2431;78620;ETANG-LA-VILLE (L )
2432;78400;CHATOU
2433;78450;VILLEPREUX
2434;78560;PORT-MARLY (LE)
2435;78360;MONTESSON
2436;78600;MESNIL-LE-ROI (LE)
2437;78380;BOUGIVAL
2438;78170;CELLE-SAINT-CLOUD (LA)
2439;78590;NOISY LE ROI
2440;78860;SAINT-NOM-LA-BRETECHE
2441;78450;CHAVENAY
2442;78870;BAILLY
2443;78810;FEUCHEROLLES
2444;78700;CONFLANS SAINTE HONORINE
2445;78780;MAURECOURT
2446;78230;PECQ (LE)
2447;78570;ANDRESY
2448;78100;SAINT-GERMAIN-EN-LAYE
2449;78630;ORGEVAL
2450;78580;MAULE
2451;78300;POISSY
2452;78510;TRIEL SUR SEINE
2453;78250;MEULAN-EN-YVELINES
2454;78955;CARRIERES SOUS POISSY
2455;78480;VERNEUIL SUR SEINE
2456;78130;MUREAUX (LES)
2457;78260;ACHERES
2458;78750;MAREIL-MARLY
2459;78670;VILLENNES-SUR-SEINE
2460;78540;VERNOUILLET
2461;78410;AUBERGENVILLE
2462;78410;BOUAFLE
2463;78570;CHANTELOUP-LES-VIGNES
2464;78630;MORAINVILLIERS
2465;78920;ECQUEVILLY
2466;78112;SAINT-GERMAIN-EN-LAYE
2467;78740;VAUX-SUR-SEINE
2468;78250;MEZY-SUR-SEINE
2469;78240;CHAMBOURCY
2470;78121;CRESPIERES
2471;78410;NEZEL
2472;78410;FLINS-SUR-SEINE
2473;78680;EPONE
2474;78200;MANTES-LA-JOLIE
2475;78200;BUCHELAY
2476;78970;MEZIERES-SUR-SEINE
2477;78711;MANTES-LA-VILLE
2478;78550;HOUDAN
2479;78440;FONTENAY-SAINT-PERE
2480;78520;LIMAY
2481;78440;ISSOU
2482;78840;FRENEUSE
2483;78550;MAULETTE
2484;78200;PERDREAUVILLE
2485;78270;BENNECOURT
2486;78440;GARGENVILLE
2487;78790;SEPTEUIL
2488;78550;RICHEBOURG
2489;78270;BONNIERES-SUR-SEINE
2490;78270;LIMETZ-VILLEZ
2491;78930;GUERVILLE
2492;78820;JUZIERS
2493;78790;SAINT-MARTIN-DES-CHAMPS
2494;78200;MAGNANVILLE
2495;78910;ORVILLIERS
2496;78310;MAUREPAS
2497;78990;ELANCOURT
2498;78720;CERNAY-LA-VILLE
2499;78320;MESNIL-SAINT-DENIS (LE)
2500;78114;MAGNY-LES-HAMEAUX
2501;78120;RAMBOUILLET
2502;78610;SAINT-LEGER-EN-YVELINES
2503;78690;ESSARTS-LE-ROI (LES)
2504;78650;BEYNES
2505;78770;THOIRY
2506;78760;JOUARS-PONTCHARTRAIN
2507;78490;GALLUIS
2508;78640;SAINT-GERMAIN-DE-LA-GRANGE
2509;78640;NEAUPHLE-LE-CHATEAU
2510;78460;CHEVREUSE
2511;78730;SAINT-ARNOULT-EN-YVELINES
2512;78490;MAREIL-LE-GUYON
2513;78490;MESNULS (LES)
2514;78470;SAINT-REMY-LES-CHEVREUSE
2515;78960;VOISINS-LE-BRETONNEUX
2516;78940;QUEUE-LES-YVELINES (LA)
2517;78125;GAZERAN
2518;78310;COIGNIERES
2519;78490;MONTFORT-L AMAURY
2520;78830;BULLION
2521;78640;VILLIERS-SAINT-FREDERIC
2522;78610;PERRAY-EN-YVELINES (LE)
2523;78490;TREMBLAY-SUR-MAULDRE (LE)
2524;78830;BONNELLES
2525;78320;VERRIERE (LA)
2526;78730;ROCHEFORT-EN-YVELINES
2527;78720;DAMPIERRE-EN-YVELINES
2528;79200;PARTHENAY
2529;79000;NIORT
2530;79400;EXIREUIL
2531;79180;CHAURAY
2532;79400;ST MAIXENT L ECOLE
2533;79340;LES FORGES
2534;79300;BRESSUIRE
2535;79270;FRONTENAY-ROHAN-ROHAN
2536;80000;AMIENS
2537;80090;AMIENS
2538;80330;LONGUEAU
2539;80680;SAINT-FUSCIEN
2540;80080;AMIENS
2541;80800;CORBIE
2542;80450;CAMON
2543;80160;PLACHY-BUYON
2544;80120;FORT-MAHON-PLAGE
2545;80550;LE CROTOY
2546;80410;CAYEUX-SUR-MER
2547;80600;DOULLENS
2548;80120;QUEND
2549;80130;FRIVILLE-ESCARBOTIN
2550;80350;MERS-LES-BAINS
2551;80460;AULT
2552;80100;ABBEVILLE
2553;80460;WOIGNARUE
2554;80230;SAINT-VALERY-SUR-SOMME
2555;80700;ROYE
2556;80170;MEHARICOURT
2557;80250;AILLY-SUR-NOYE
2558;80300;ALBERT
2559;80200;PERONNE
2560;81000;ALBI
2561;81310;LISLE-SUR-TARN
2562;81160;SAINT JUERY
2563;81100;CASTRES
2564;81200;MAZAMET
2565;81370;SAINT-SULPICE-LA-POINTE
2566;82200;MOISSAC
2567;82000;MONTAUBAN
2568;82290;LA VILLE DIEU DU TEMPLE
2569;82100;CASTELSARRASIN
2570;82500;BEAUMONT DE LOMAGNE
2571;82410;ST-ETIENNE-DE-TULMONT
2572;82700;MONTECH
2573;82290;MONTBETON
2574;82600;VERDUN-SUR-GARONNE
2575;82300;CAUSSADE
2576;82140;SAINT ANTONIN NOBLE VAL
2577;82170;GRISOLLES
2578;83600;FREJUS
2579;83300;DRAGUIGNAN
2580;83310;GRIMAUD
2581;83700;SAINT RAPHAEL
2582;83310;COGOLIN
2583;83990;SAINT TROPEZ
2584;83380;ROQUEBRUNE-SUR-ARGENS
2585;83420;LA CROIX VALMER
2586;83120;SAINTE MAXIME
2587;83520;ROQUEBRUNE-SUR-ARGENS
2588;83490;LE MUY
2589;83480;PUGET-SUR-ARGENS
2590;83350;RAMATUELLE
2591;83530;SAINT RAPHAEL
2592;83240;CAVALAIRE-SUR-MER
2593;83370;FREJUS
2594;83600;LES ADRETS DE L ESTEREL
2595;83600;BAGNOLS-EN-FORET
2596;83570;ENTRECASTEAUX
2597;83440;CALLIAN
2598;83170;BRIGNOLES
2599;83440;FAYENCE
2600;83440;SEILLANS
2601;83510;LORGUES
2602;83670;BARJOLS
2603;83440;MONTAUROUX
2604;83170;TOURVES
2605;83136;GAREOULT
2606;83830;BARGEMON
2607;83830;CLAVIERS
2608;83340;LE CANNET DES MAURES
2609;83440;TOURRETTES
2610;83590;GONFARON
2611;83460;LES ARCS
2612;83560;RIANS
2613;83136;ROCBARON
2614;83340;LE LUC
2615;83570;MONTFORT SUR ARGENS
2616;83690;SALERNES
2617;83550;VIDAUBAN
2618;83340;CABASSE
2619;83170;ROUGIERS
2620;83131;MONTFERRAT
2621;83690;TOURTOUR
2622;83470;ST MAXIMIN LA STE BAUME
2623;83130;LA GARDE
2624;83500;LA SEYNE SUR MER
2625;83200;TOULON
2626;83000;TOULON
2627;83140;SIX-FOURS-LES-PLAGES
2628;83160;LA VALETTE DU VAR
2629;83220;LE PRADET
2630;83100;TOULON
2631;83430;SAINT-MANDRIER-SUR-MER
2632;83200;LE REVEST LES EAUX
2633;83980;LE LAVANDOU
2634;83320;CARQUEIRANNE
2635;83150;BANDOL
2636;83110;SANARY SUR MER
2637;83210;SOLLIES-PONT
2638;83400;HYERES
2639;83330;LE BEAUSSET
2640;83270;SAINT-CYR-SUR-MER
2641;83250;LA LONDE LES MAURES
2642;83740;LA CADIERE D AZUR
2643;83190;OLLIOULES
2644;83230;BORMES-LES-MIMOSAS
2645;83210;LA FARLEDE
2646;83260;LA CRAU
2647;83390;PUGET-VILLE
2648;83390;CUERS
2649;83330;EVENOS
2650;83390;PIERREFEU-DU-VAR
2651;83210;BELGENTIER
2652;83210;SOLLIES-VILLE
2653;83210;SOLLIES-TOUCAS
2654;83660;CARNOULES
2655;83870;SIGNES
2656;83330;LE CASTELLET
2657;83610;COLLOBRIERES
2658;84200;CARPENTRAS
2659;84000;AVIGNON
2660;84170;MONTEUX
2661;84140;AVIGNON
2662;84410;BEDOIN
2663;84700;SORGUES
2664;84130;LE PONTET
2665;84310;MORIERES LES AVIGNON
2666;84210;PERNES LES FONTAINES
2667;84370;BEDARRIDES
2668;84260;SARRIANS
2669;84270;VEDENE
2670;84350;COURTHEZON
2671;84810;AUBIGNAN
2672;84320;ENTRAIGUES-SUR-LA-SORGUE
2673;84330;CAROMB
2674;84570;MALEMORT-DU-COMTAT
2675;84530;VILLELAURE
2676;84400;APT
2677;84800;L ISLE SUR LA SORGUE
2678;84120;PERTUIS
2679;84360;LAURIS
2680;84300;CAVAILLON
2681;84250;LE THOR
2682;84240;LA TOUR D AIGUES
2683;84800;SAUMANE-DE-VAUCLUSE
2684;84750;VIENS
2685;84490;SAINT-SATURNIN LES APT
2686;84470;CHATEAUNEUF-DE-GADAGNE
2687;84240;LA BASTIDE DES JOURDANS
2688;84360;MERINDOL
2689;84100;ORANGE
2690;84290;SAINTE-CECILE-LES-VIGNES
2691;84500;BOLLENE
2692;84150;JONQUIERES
2693;84190;VACQUEYRAS
2694;84110;VAISON-LA-ROMAINE
2695;84820;VISAN
2696;84330;BARROUX (LE)
2697;84550;MORNAS
2698;84340;MALAUCENE
2699;84190;BEAUMES-DE-VENISE
2700;84230;CHATEAUNEUF-DU-PAPE
2701;84830;SERIGNAN-DU-COMTAT
2702;85000;ROCHE SUR YON (LA)
2703;85660;SAINT-PHILBERT-DE-BOUAINE
2704;85140;ESSARTS EN BOCAGE
2705;85600;MONTAIGU-VENDEE
2706;85110;CHANTONNAY
2707;85260;BROUZILS (LES)
2708;85620;ROCHESERVIERE
2709;85250;SAINT-FULGENT
2710;85500;HERBIERS (LES)
2711;85290;MORTAGNE-SUR-SEVRE
2712;85200;FONTENAY-LE-COMTE
2713;85400;LUCON
2714;85460;AIGUILLON-SUR-MER (L )
2715;85560;LONGEVILLE-SUR-MER
2716;85440;TALMONT-SAINT-HILAIRE
2717;85470;BRETIGNOLLES-SUR-MER
2718;85270;SAINT-HILAIRE-DE-RIEZ
2719;85100;SABLES-D'OLONNE (LES)
2720;85180;SABLES-D'OLONNE (LES)
2721;85800;SAINT-GILLES-CROIX-DE-VIE
2722;85460;FAUTE-SUR-MER (LA)
2723;85360;TRANCHE-SUR-MER (LA)
2724;85520;JARD-SUR-MER
2725;85340;SABLES-D'OLONNE (LES)
2726;85520;SAINT-VINCENT-SUR-JARD
2727;85150;VAIRE
2728;85150;LES ACHARDS
2729;85300;CHALLANS
2730;85230;BEAUVOIR-SUR-MER
2731;85330;NOIRMOUTIER-EN-L'ILE
2732;85160;SAINT-JEAN-DE-MONTS
2733;85690;NOTRE-DAME-DE-MONTS
2734;85630;BARBATRE
2735;85550;BARRE-DE-MONTS (LA)
2736;86000;POITIERS
2737;86360;CHASSENEUIL-DU-POITOU
2738;86550;MIGNALOUX-BEAUVOIR
2739;86240;FONTAINE-LE-COMTE
2740;86180;BUXEROLLES
2741;86100;CHATELLERAULT
2742;86270;LA ROCHE POSAY
2743;86410;BOURESSE
2744;86300;CHAUVIGNY
2745;87170;ISLE
2746;87000;LIMOGES
2747;87100;LIMOGES
2748;87500;ST YRIEIX LA PERCHE
2749;87400;ST-LEONARD-DE-NOBLAT
2750;87250;BESSINES-SUR-GARTEMPE
2751;87280;LIMOGES
2752;87270;COUZEIX
2753;88190;GOLBEY
2754;88000;EPINAL
2755;88220;HADOL
2756;88390;DARNIEULLES
2757;88800;VITTEL
2758;88150;CAPAVENIR VOSGES
2759;88270;DAMAS-ET-BETTEGNEY
2760;88000;CHANTRAINE
2761;88000;DEYVILLERS
2762;88000;LONGCHAMP
2763;88140;CONTREXEVILLE
2764;88500;MIRECOURT
2765;88300;NEUFCHATEAU
2766;88460;CHENIMENIL
2767;88270;PIERREFITTE
2768;88390;LES FORGES
2769;88390;GIRANCOURT
2770;88350;LIFFOL-LE-GRAND
2771;88600;LAVELINE-DEVANT-BRUYERES
2772;88700;RAMBERVILLERS
2773;88000;JEUXEY
2774;88230;FRAIZE
2775;88230;PLAINFAING
2776;88110;RAON L ETAPE
2777;88400;XONRUPT-LONGEMER
2778;88400;GERARDMER
2779;88100;PAIR-ET-GRANDRUPT
2780;88100;SAINT DIE DES VOSGES
2781;88100;SAINTE-MARGUERITE
2782;88580;SAULCY-SUR-MEURTHE
2783;88420;MOYENMOUTIER
2784;88430;GERBEPAL
2785;88530;LA FORGE
2786;88310;VENTRON
2787;88540;BUSSANG
2788;88250;LA BRESSE
2789;88200;REMIREMONT
2790;88160;RAMONCHAMP
2791;88360;RUPT-SUR-MOSELLE
2792;88200;SAINT-NABORD
2793;88160;LE THILLOT
2794;88120;VAGNEY
2795;88120;SAPOIS
2796;88310;CORNIMONT
2797;88200;ST-ETIENNE-LES-REMIREMONT
2798;88550;POUXEUX
2799;89000;AUXERRE
2800;89000;ST GEORGES SUR BAULCHE
2801;89700;TONNERRE
2802;89240;CHEVANNES
2803;89290;VENOY
2804;89420;MONTREAL
2805;89200;AVALLON
2806;89500;VILLENEUVE SUR YONNE
2807;89100;PARON
2808;89100;ST CLEMENT
2809;89100;SENS
2810;89150;SAVIGNY SUR CLAIRIS
2811;89150;ST VALERIEN
2812;89100;MALAY LE GRAND
2813;89260;THORIGNY-SUR-OREUSE
2814;89690;CHEROY
2815;90000;BELFORT
2816;90300;OFFEMONT
2817;90500;BEAUCOURT
2818;91070;BONDOUFLE
2819;91100;CORBEIL ESSONNES
2820;91800;BOUSSY-SAINT-ANTOINE
2821;91800;BRUNOY
2822;91000;EVRY-COURCOURONNES
2823;91450;ETIOLLES
2824;91540;MENNECY
2825;91100;VILLABE
2826;91330;YERRES
2827;91830;COUDRAY-MONTCEAUX (LE)
2828;91610;BALLANCOURT-SUR-ESSONNE
2829;91280;SAINT-PIERRE-DU-PERRAY
2830;91210;DRAVEIL
2831;91480;VARENNES-JARCY
2832;91560;CROSNE
2833;91230;MONTGERON
2834;91450;SOISY-SUR-SEINE
2835;91270;VIGNEUX SUR SEINE
2836;91540;FONTENAY-LE-VICOMTE
2837;91250;SAINT-GERMAIN-LES-CORBEIL
2838;91090;LISSES
2839;91250;SAINTRY-SUR-SEINE
2840;91130;RIS-ORANGIS
2841;91710;VERT LE PETIT
2842;91860;EPINAY-SOUS-SENART
2843;91480;QUINCY-SOUS-SENART
2844;91080;EVRY-COURCOURONNES
2845;91540;ORMOY
2846;91250;TIGERY
2847;91750;CHAMPCUEIL
2848;91810;VERT LE GRAND
2849;91600;SAVIGNY-SUR-ORGE
2850;91200;ATHIS MONS
2851;91260;JUVISY SUR ORGE
2852;91700;SAINTE-GENEVIEVE-DES-BOIS
2853;91160;LONGJUMEAU
2854;91300;MASSY
2855;91420;MORANGIS
2856;91320;WISSOUS
2857;91380;CHILLY MAZARIN
2858;91160;SAULX-LES-CHARTREUX
2859;91160;BALLAINVILLIERS
2860;91170;VIRY CHATILLON
2861;91700;VILLIERS-SUR-ORGE
2862;91390;MORSANG-SUR-ORGE
2863;91350;GRIGNY
2864;91360;VILLEMOISSON-S-ORGE
2865;91550;PARAY-VIEILLE-POSTE
2866;91360;EPINAY SUR ORGE
2867;91160;CHAMPLAN
2868;91700;FLEURY-MEROGIS
2869;91240;SAINT-MICHEL-SUR-ORGE
2870;91310;MONTLHERY
2871;91310;LINAS
2872;91220;BRETIGNY SUR ORGE
2873;91630;CHEPTAINVILLE
2874;91290;ARPAJON
2875;91770;SAINT-VRAIN
2876;91520;EGLY
2877;91310;LONGPONT-SUR-ORGE
2878;91290;LA NORVILLE
2879;91680;BRUYERES-LE-CHATEL
2880;91180;SAINT-GERMAIN-LES-ARPAJON
2881;91340;OLLAINVILLE
2882;91310;LEUVILLE-SUR-ORGE
2883;91220;LE PLESSIS PATE
2884;91630;LEUDEVILLE
2885;91630;MAROLLES-EN-HUREPOIX
2886;91150;ETAMPES
2887;91820;BOUTIGNY-SUR-ESSONNE
2888;91790;BOISSY-SOUS-SAINT-YON
2889;91150;ORMOY-LA-RIVIERE
2890;91580;ETRECHY
2891;91840;SOISY-SUR-ECOLE
2892;91410;DOURDAN
2893;91690;SACLAS
2894;91490;MILLY-LA-FORET
2895;91740;PUSSAY
2896;91410;ROINVILLE-SOUS-DOURDAN
2897;91590;BAULNE
2898;91410;CORBREUSE
2899;91590;FERTE-ALAIS (LA)
2900;91590;CERNY
2901;91150;MORIGNY-CHAMPIGNY
2902;91590;GUIGNEVILLE
2903;91510;LARDY
2904;91590;D   HUISON LONGUEVILLE
2905;91850;BOURAY-SUR-JUINE
2906;91490;COURANCES
2907;91650;BREUILLET
2908;91150;BRIERES-LES-SCELLES
2909;91720;MAISSE
2910;91530;VAL-SAINT-GERMAIN (LE)
2911;91410;SAINT-CYR-SOUS-DOURDAN
2912;91760;ITTEVILLE
2913;91650;SAINT-YON
2914;91730;CHAMARANDE
2915;91820;VAYRES-SUR-ESSONNE
2916;91590;BOISSY-LE-CUTTE
2917;91580;VILLENEUVE-SUR-AUVERS
2918;91470;ANGERVILLIERS
2919;91670;ANGERVILLE
2920;91460;MARCOUSSIS
2921;91640;BRIIS-SOUS-FORGES
2922;91400;ORSAY
2923;91190;GIF SUR YVETTE
2924;91120;PALAISEAU
2925;91470;FORGES-LES-BAINS
2926;91940;LES ULIS
2927;91570;BIEVRES
2928;91620;NOZAY
2929;91440;BURES SUR YVETTE
2930;91470;LIMOURS
2931;91430;IGNY
2932;91370;VERRIERES LE BUISSON
2933;91620;VILLE-DU-BOIS (LA)
2934;91140;VILLEBON SUR YVETTE
2935;91640;VAUGRIGNEUSE
2936;91400;GOMETZ-LA-VILLE
2937;91190;VILLIERS-LE-BACLE
2938;91940;GOMETZ-LE-CHATEL
2939;91140;VILLEJUST
2940;91940;SAINT-JEAN-DE-BEAUREGARD
2941;91400;SACLAY
2942;92800;PUTEAUX
2943;92500;RUEIL-MALMAISON
2944;92150;SURESNES
2945;92000;NANTERRE
2946;92400;COURBEVOIE
2947;92270;BOIS-COLOMBES
2948;92250;LA GARENNE-COLOMBES
2949;92600;ASNIERES-SUR-SEINE
2950;92230;GENNEVILLIERS
2951;92700;COLOMBES
2952;92390;VILLENEUVE-LA-GARENNE
2953;92300;LEVALLOIS-PERRET
2954;92110;CLICHY
2955;92200;NEUILLY-SUR-SEINE
2956;92100;BOULOGNE-BILLANCOURT
2957;92420;VAUCRESSON
2958;92380;GARCHES
2959;92210;SAINT-CLOUD
2960;92360;MEUDON
2961;92310;SEVRES
2962;75016;BOULOGNE-BILLANCOURT
2963;92190;MEUDON
2964;92410;VILLE-D'AVRAY
2965;92370;CHAVILLE
2966;92290;CHATENAY-MALABRY
2967;92340;BOURG-LA-REINE
2968;92130;ISSY-LES-MOULINEAUX
2969;92120;MONTROUGE
2970;92260;FONTENAY-AUX-ROSES
2971;92140;CLAMART
2972;92160;ANTONY
2973;92170;VANVES
2974;92330;SCEAUX
2975;92350;LE PLESSIS-ROBINSON
2976;92320;CHATILLON
2977;92220;BAGNEUX
2978;92240;MALAKOFF
2979;93310;LE PRE-SAINT-GERVAIS
2980;93230;ROMAINVILLE
2981;93260;LES LILAS
2982;93170;BAGNOLET
2983;93130;NOISY-LE-SEC
2984;93000;BOBIGNY
2985;93320;LES PAVILLONS-SOUS-BOIS
2986;93700;DRANCY
2987;93140;BONDY
2988;93500;PANTIN
2989;93400;SAINT-OUEN-SUR-SEINE
2990;93300;AUBERVILLIERS
2991;93200;SAINT-DENIS
2992;93120;LA COURNEUVE
2993;93800;EPINAY SUR SEINE
2994;93210;SAINT-DENIS
2995;93380;PIERREFITTE-SUR-SEINE
2996;93240;STAINS
2997;93350;LE BOURGET
2998;93430;VILLETANEUSE
2999;93450;L'ILE-SAINT-DENIS
3000;93440;DUGNY
3001;93410;VAUJOURS
3002;93290;TREMBLAY-EN-FRANCE
3003;93470;COUBRON
3004;93270;SEVRAN
3005;93390;CLICHY SOUS BOIS
3006;93190;LIVRY-GARGAN
3007;93600;AULNAY SOUS BOIS
3008;93420;VILLEPINTE
3009;93150;LE BLANC-MESNIL
3010;93330;NEUILLY-SUR-MARNE
3011;93360;NEUILLY-PLAISANCE
3012;93220;GAGNY
3013;93160;NOISY-LE-GRAND
3014;93460;GOURNAY SUR MARNE
3015;93340;LE RAINCY
3016;93370;MONTFERMEIL
3017;93100;MONTREUIL
3018;93110;ROSNY-SOUS-BOIS
3019;93250;VILLEMOMBLE
3020;94410;ST MAURICE
3021;94210;SAINT-MAUR-DES-FOSSES
3022;94100;SAINT-MAUR-DES-FOSSES
3023;94340;JOINVILLE-LE-PONT
3024;94140;ALFORTVILLE
3025;94700;MAISONS-ALFORT
3026;94220;CHARENTON-LE-PONT
3027;94000;CRETEIL
3028;94380;BONNEUIL-SUR-MARNE
3029;94200;IVRY-SUR-SEINE
3030;94230;CACHAN
3031;94270;LE KREMLIN-BICETRE
3032;94800;VILLEJUIF
3033;94260;FRESNES
3034;94600;CHOISY-LE-ROI
3035;94400;VITRY-SUR-SEINE
3036;94320;THIAIS
3037;94240;L'HAY-LES-ROSES
3038;94310;ORLY
3039;94550;CHEVILLY-LARUE
3040;94150;RUNGIS
3041;94250;GENTILLY
3042;94110;ARCUEIL
3043;94190;VILLENEUVE-SAINT-GEORGES
3044;94520;PERIGNY
3045;94470;BOISSY-SAINT-LEGER
3046;94460;VALENTON
3047;94430;CHENNEVIERES SUR MARNE
3048;94510;LA QUEUE-EN-BRIE
3049;94350;VILLIERS-SUR-MARNE
3050;94370;SUCY-EN-BRIE
3051;94450;LIMEIL-BREVANNES
3052;94440;VILLECRESNES
3053;94480;ABLON-SUR-SEINE
3054;94420;LE PLESSIS-TREVISE
3055;94520;MANDRES-LES-ROSES
3056;94290;VILLENEUVE-LE-ROI
3057;94880;NOISEAU
3058;94440;SANTENY
3059;94490;ORMESSON-SUR-MARNE
3060;94440;MAROLLES-EN-BRIE
3061;94130;NOGENT-SUR-MARNE
3062;94300;VINCENNES
3063;94360;BRY-SUR-MARNE
3064;94160;SAINT-MANDE
3065;94120;FONTENAY-SOUS-BOIS
3066;94170;LE PERREUX-SUR-MARNE
3067;94500;CHAMPIGNY-SUR-MARNE
3068;95300;PONTOISE
3069;95180;MENUCOURT
3070;95610;ERAGNY-SUR-OISE
3071;95310;ST OUEN L AUMONE
3072;95590;NOINTEL
3073;95430;AUVERS-SUR-OISE
3074;95290;L'ISLE-ADAM
3075;95000;CERGY
3076;95480;PIERRELAYE
3077;95280;JOUY-LE-MOUTIER
3078;95520;OSNY
3079;95800;CERGY
3080;95260;BEAUMONT-SUR-OISE
3081;95630;MERIEL
3082;95540;MERY-SUR-OISE
3083;95620;PARMAIN
3084;95830;CORMEILLES-EN-VEXIN
3085;95800;COURDIMANCHE
3086;95420;MAGNY-EN-VEXIN
3087;95490;VAUREAL
3088;95000;PONTOISE
3089;95660;CHAMPAGNE SUR-OISE
3090;95750;CHARS
3091;95300;ENNERY
3092;95340;PERSAN
3093;95650;BOISSY-L'AILLERIE
3094;95640;MARINES
3095;95840;VILLIERS-ADAM
3096;95760;VALMONDOIS
3097;95780;LA ROCHE-GUYON
3098;95420;GENAINVILLE
3099;95820;BRUYERES-SUR-OISE
3100;95690;LABBEVILLE
3101;95510;VETHEUIL
3102;95190;GOUSSAINVILLE
3103;95270;BELLOY-EN-FRANCE
3104;95500;GONESSE
3105;95330;DOMONT
3106;95400;ARNOUVILLE
3107;95700;ROISSY-EN-FRANCE
3108;95350;SAINT-BRICE-SOUS-FORET
3109;95140;GARGES-LES-GONESSE
3110;95440;ECOUEN
3111;95500;LE THILLAY
3112;95200;SARCELLES
3113;95560;MONTSOULT
3114;95470;SAINT-WITZ
3115;95460;EZANVILLE
3116;95570;BOUFFEMONT
3117;95560;MAFFLIERS
3118;95560;BAILLET-EN-FRANCE
3119;95380;LOUVRES
3120;95470;FOSSES
3121;95400;VILLIERS-LE-BEL
3122;95270;LUZARCHES
3123;95380;VILLERON
3124;95470;VEMARS
3125;95270;VIARMES
3126;95500;BONNEUIL-EN-FRANCE
3127;95470;SURVILLIERS
3128;95570;MOISSELLES
3129;95270;ASNIERES-SUR-OISE
3130;95380;PUISEUX-EN-FRANCE
3131;95190;FONTENAY-EN-PARISIS
3132;95270;CHAUMONTEL
3133;95270;SEUGY
3134;95160;MONTMORENCY
3135;95120;ERMONT
3136;95600;EAUBONNE
3137;95130;FRANCONVILLE LA GARENNE
3138;95130;PLESSIS-BOUCHARD (LE)
3139;95740;FREPILLON
3140;95150;TAVERNY
3141;95880;ENGHIEN LES BAINS
3142;95320;ST LEU LA FORET
3143;95210;ST GRATIEN
3144;95170;DEUIL LA BARRE
3145;95250;BEAUCHAMP
3146;95410;GROSLAY
3147;95550;BESSANCOURT
3148;95390;SAINT-PRIX
3149;95580;MARGENCY
3150;95230;SOISY SS MONTMORENCY
3151;95360;MONTMAGNY
3152;95680;MONTLIGNON
3153;95580;ANDILLY
3154;95110;SANNOIS
3155;95220;HERBLAY-SUR-SEINE
3156;95100;ARGENTEUIL
3157;95370;MONTIGNY LES CORMEILLES
3158;95870;BEZONS
3159;95530;LA FRETTE-SUR-SEINE
3160;95240;CORMEILLES-EN-PARISIS
3161;97150;SAINT MARTIN
3162;97227;SAINTE ANNE
3163;97233;SCHOELCHER
3164;97290;MARIN
3165;97200;FORT DE FRANCE
3166;97229;TROIS ILETS
3167;97222;CASE PILOTE
3168;97224;DUCOS
3169;97232;LE LAMENTIN
3170;97223;DIAMANT
3171;97280;VAUCLIN
3172;97212;SAINT JOSEPH
3173;97228;SAINTE LUCE
3174;97234;FORT DE FRANCE
3175;97240;FRANCOIS
3176;97231;ROBERT
3177;97216;AJOUPA BOUILLON
3178;97220;TRINITE
3179;97213;GROS MORNE
3180;97300;CAYENNE
3181;97354;REMIRE MONTJOLY
3182;97310;KOUROU
3183;97351;MATOURY
3184;97320;SAINT LAURENT DU MARONI
3185;97438;SAINTE MARIE
3186;97417;SAINT DENIS
3187;97400;SAINT DENIS
3188;97490;SAINT DENIS
3189;97460;SAINT-PAUL
3190;97434;SAINT-PAUL
3191;97470;SAINT-BENOIT
3192;97440;SAINT-ANDRE
3193;97419;LA POSSESSION
3194;97410;SAINT PIERRE
3195;97424;SAINT-LEU
3196;75003;PARIS 03
3197;75001;PARIS 01
3198;75008;PARIS 08
3199;75006;PARIS 06
3200;75007;PARIS 07
3201;75005;PARIS 05
3202;75010;PARIS 10
3203;75009;PARIS 09
3204;75011;PARIS 11
3205;75012;PARIS 12
3206;75013;PARIS 13
3207;75014;PARIS 14
3208;75015;PARIS 15
3209;75016;PARIS 16
3210;75017;PARIS 17
3211;75018;PARIS 18
3212;75020;PARIS 20
3213;75019;PARIS 19
3214;75004;PARIS 04
3215;75002;PARIS 02
